Order ID,Order Date,Ship Date,Customer ID,Customer Name,Customer Segment,Product ID,Product Name,Category,Sub-Category,Region,State,City,Sales Representative,Quantity,Unit Price,Discount (%),Sales,Cost,Profit,Profit Margin,Shipping Cost,Payment Method,Order Priority,Order Year,Order Month,Month Name,Weekday,Days to Ship,Profitability Flag,Discount Band,Revenue Band
ORD-00002,2025-11-22,2025-11-29,CUST-00002,Customer 2,Consumer,P1011,Cove Wall Clock,Technology,Paper,South,North Carolina,Miami,James Carter,3,89.82,0.046,257.06,126.37,122.29,0.4757,8.4,Bank Transfer,High,2025,11,Nov,Saturday,7,Profitable,Medium,Small
ORD-00009,2024-09-23,2024-09-27,CUST-00009,Customer 9,Home Office,P1004,FlexNote Notebook,Furniture,Peripherals,South,Florida,Dallas,Ethan Brooks,4,605.1,0.014,2386.51,1508.58,868.73,0.364,9.2,Credit Card,Low,2024,9,Sep,Monday,4,Profitable,Low,Large
ORD-00010,2025-12-14,2025-12-16,CUST-00010,Customer 10,Home Office,P1005,SmartInk Pen Set,Outdoor,Lighting,South,Georgia,Atlanta,Sophia Singh,3,12.9,0.027,37.66,22.58,6.68,0.1774,8.4,Debit Card,Medium,2025,12,Dec,Sunday,2,Profitable,Medium,Small
ORD-00017,2024-05-05,2024-05-09,CUST-00017,Customer 17,Corporate,P1020,Lumen Desk Lamp,Office Supplies,Bags,South,Georgia,Dallas,Ava Patel,5,71.22,0.037,342.92,160.26,172.66,0.5035,10,Bank Transfer,Medium,2024,5,May,Sunday,4,Profitable,Medium,Small
ORD-00021,2024-06-19,2024-06-24,CUST-00021,Customer 21,Home Office,P1005,Echo Web Camera,Furniture,Paper,South,Texas,Atlanta,Sophia Singh,1,13.33,0.07,12.4,10.04,-4.44,-0.3581,6.8,Credit Card,Critical,2024,6,Jun,Wednesday,5,Unprofitable,High,Small
ORD-00026,2025-09-15,2025-09-20,CUST-00026,Customer 26,Consumer,P1007,FlexNote Notebook,Home Decor,Bags,South,Georgia,Dallas,Ava Patel,4,23.45,0.007,93.14,35.88,48.06,0.516,9.2,Bank Transfer,Low,2025,9,Sep,Monday,5,Profitable,Low,Small
ORD-00031,2024-02-27,2024-03-01,CUST-00031,Customer 31,Corporate,P1002,Orbit Wireless Mouse,Outdoor,Lighting,South,Florida,Atlanta,Olivia Martin,3,78.79,0.039,227.15,107.29,111.46,0.4907,8.4,Debit Card,High,2024,2,Feb,Tuesday,3,Profitable,Medium,Small
ORD-00033,2023-04-11,2023-04-17,CUST-00033,Customer 33,Corporate,P1005,Nimbus Monitor Arm,Furniture,Storage,South,North Carolina,Atlanta,James Carter,4,12.2,0.014,48.12,25.51,13.41,0.2787,9.2,Debit Card,Medium,2023,4,Apr,Tuesday,6,Profitable,Low,Small
ORD-00034,2025-07-17,2025-07-20,CUST-00034,Customer 34,Consumer,P1003,Orbit Wireless Mouse,Office Supplies,Binders,South,North Carolina,Houston,Olivia Martin,2,152.33,0.001,304.36,163.31,133.45,0.4385,7.6,Debit Card,Medium,2025,7,Jul,Thursday,3,Profitable,Low,Small
ORD-00037,2024-11-09,2024-11-13,CUST-00037,Customer 37,Home Office,P1010,Aero Standing Desk,Home Decor,Storage,South,Florida,Dallas,Olivia Martin,4,59.29,0.008,235.26,104.49,121.57,0.5167,9.2,Bank Transfer,Medium,2024,11,Nov,Saturday,4,Profitable,Low,Small
ORD-00039,2025-06-15,2025-06-16,CUST-00039,Customer 39,Corporate,P1011,Cove Wall Clock,Home Decor,Lighting,South,Florida,Atlanta,Ethan Brooks,2,87.62,0.023,171.21,87.9,75.71,0.4422,7.6,Credit Card,Medium,2025,6,Jun,Sunday,1,Profitable,Medium,Small
ORD-00041,2023-04-01,2023-04-05,CUST-00041,Customer 41,Consumer,P1008,Echo Web Camera,Technology,Video,South,Florida,Dallas,Ava Patel,1,33.13,0.014,32.67,20.74,5.13,0.157,6.8,Debit Card,Medium,2023,4,Apr,Saturday,4,Profitable,Low,Small
ORD-00047,2024-11-08,2024-11-14,CUST-00047,Customer 47,Consumer,P1011,Aero Standing Desk,Technology,Video,South,Georgia,Dallas,James Carter,5,89.53,0.023,437.35,206.29,221.06,0.5055,10,Credit Card,Medium,2024,11,Nov,Friday,6,Profitable,Medium,Small
ORD-00050,2023-10-10,2023-10-11,CUST-00050,Customer 50,Consumer,P1007,Lumen Desk Lamp,Technology,Lighting,South,Georgia,Miami,Noah Kim,3,24.63,0.004,73.59,30.05,35.14,0.4775,8.4,Debit Card,Medium,2023,10,Oct,Tuesday,1,Profitable,Low,Small
ORD-00052,2025-06-10,2025-06-12,CUST-00052,Customer 52,Home Office,P1018,CloudDrive File Box,Furniture,Peripherals,South,Florida,Dallas,Sophia Singh,3,85.33,0.036,246.77,113.56,124.81,0.5058,8.4,Cash on Delivery,High,2025,6,Jun,Tuesday,2,Profitable,Medium,Small
ORD-00059,2023-08-27,2023-09-01,CUST-00059,Customer 59,Consumer,P1010,Aero Standing Desk,Furniture,Peripherals,South,Florida,Miami,Ava Patel,2,53.26,0.007,105.77,48.18,49.99,0.4726,7.6,PayPal,Medium,2023,8,Aug,Sunday,5,Profitable,Low,Small
ORD-00063,2025-02-01,2025-02-04,CUST-00063,Customer 63,Consumer,P1010,ProClip Binder,Furniture,Peripherals,South,Georgia,Miami,James Carter,4,51.77,0.012,204.6,90.87,104.53,0.5109,9.2,Bank Transfer,Medium,2025,2,Feb,Saturday,3,Profitable,Low,Small
ORD-00065,2023-07-06,2023-07-07,CUST-00065,Customer 65,Consumer,P1019,Atlas Throw Pillow,Technology,Binders,South,Texas,Dallas,James Carter,5,58.83,0.054,278.27,119.38,148.89,0.5351,10,Credit Card,High,2023,7,Jul,Thursday,1,Profitable,High,Small
ORD-00066,2024-12-08,2024-12-09,CUST-00066,Customer 66,Consumer,P1010,Pulse Keyboard,Office Supplies,Video,South,Texas,Miami,Mia Rodriguez,3,55.76,0.014,164.94,74.99,81.55,0.4944,8.4,PayPal,High,2024,12,Dec,Sunday,1,Profitable,Low,Small
ORD-00069,2023-11-07,2023-11-13,CUST-00069,Customer 69,Home Office,P1014,ErgoMesh Chair,Furniture,Coolers,South,Georgia,Atlanta,James Carter,5,42.87,0.018,210.49,91.09,109.4,0.5197,10,Debit Card,High,2023,11,Nov,Tuesday,6,Profitable,Low,Small
ORD-00073,2023-03-19,2023-03-26,CUST-00073,Customer 73,Consumer,P1019,ProClip Binder,Office Supplies,Bags,South,North Carolina,Atlanta,James Carter,3,54.06,0.017,159.42,73.69,77.33,0.4851,8.4,Debit Card,High,2023,3,Mar,Sunday,7,Profitable,Low,Small
ORD-00075,2025-01-23,2025-01-24,CUST-00075,Customer 75,Corporate,P1006,Lumen Desk Lamp,Furniture,Binders,South,Texas,Miami,James Carter,5,17.26,0.021,84.49,33.98,40.51,0.4795,10,Credit Card,Low,2025,1,Jan,Thursday,1,Profitable,Medium,Small
ORD-00077,2025-08-03,2025-08-07,CUST-00077,Customer 77,Consumer,P1007,Aero Standing Desk,Furniture,Peripherals,South,Georgia,Dallas,Noah Kim,5,24.71,0.001,123.43,45,68.43,0.5544,10,Credit Card,Low,2025,8,Aug,Sunday,4,Profitable,Low,Small
ORD-00082,2024-06-03,2024-06-08,CUST-00082,Customer 82,Corporate,P1006,Summit Patio Set,Home Decor,Binders,South,Florida,Atlanta,Ethan Brooks,1,18.21,0.074,16.86,9.62,0.44,0.0261,6.8,PayPal,Critical,2024,6,Jun,Monday,5,Profitable,High,Small
ORD-00086,2024-09-02,2024-09-07,CUST-00086,Customer 86,Corporate,P1018,Harbor Rug,Outdoor,Coolers,South,Florida,Atlanta,Ava Patel,3,90,0.048,257.04,120.13,128.51,0.5,8.4,Bank Transfer,High,2024,9,Sep,Monday,5,Profitable,Medium,Small
ORD-00090,2024-02-11,2024-02-14,CUST-00090,Customer 90,Consumer,P1015,ProClip Binder,Home Decor,Accessories,South,Georgia,Miami,Liam Chen,5,63.17,0.037,304.16,135.25,158.91,0.5225,10,Credit Card,High,2024,2,Feb,Sunday,3,Profitable,Medium,Small
ORD-00095,2025-03-19,2025-03-22,CUST-00095,Customer 95,Corporate,P1011,Harbor Rug,Outdoor,Desks,South,Florida,Miami,Mia Rodriguez,2,89.06,0.02,174.56,90.63,76.33,0.4373,7.6,PayPal,Medium,2025,3,Mar,Wednesday,3,Profitable,Medium,Small
ORD-00099,2023-12-14,2023-12-18,CUST-00099,Customer 99,Home Office,P1015,Pulse Keyboard,Outdoor,Accessories,South,Georgia,Atlanta,James Carter,5,72.72,0.006,361.42,159.1,192.32,0.5321,10,PayPal,Medium,2023,12,Dec,Thursday,4,Profitable,Low,Small
ORD-00102,2024-03-08,2024-03-10,CUST-00102,Customer 102,Corporate,P1004,Halo Planter,Home Decor,Peripherals,South,Texas,Houston,Mia Rodriguez,1,566.44,0.015,557.94,360.29,190.85,0.3421,6.8,Cash on Delivery,Medium,2024,3,Mar,Friday,2,Profitable,Low,Medium
ORD-00103,2024-08-18,2024-08-24,CUST-00103,Customer 103,Corporate,P1016,SmartInk Pen Set,Outdoor,Peripherals,South,Georgia,Dallas,Liam Chen,1,39.59,0.02,38.8,18.29,13.71,0.3534,6.8,Debit Card,Medium,2024,8,Aug,Sunday,6,Profitable,Medium,Small
ORD-00108,2025-09-07,2025-09-14,CUST-00108,Customer 108,Corporate,P1012,Aero Standing Desk,Home Decor,Accessories,South,Georgia,Miami,James Carter,4,120.53,0.066,450.3,229.2,211.9,0.4706,9.2,Debit Card,High,2025,9,Sep,Sunday,7,Profitable,High,Small
ORD-00115,2024-04-07,2024-04-12,CUST-00115,Customer 115,Corporate,P1002,Lumen Desk Lamp,Furniture,Peripherals,South,North Carolina,Atlanta,James Carter,1,73.62,0.015,72.52,38.23,27.49,0.3791,6.8,Debit Card,Medium,2024,4,Apr,Sunday,5,Profitable,Low,Small
ORD-00119,2025-12-28,2026-01-04,CUST-00119,Customer 119,Consumer,P1002,Pulse Keyboard,Outdoor,Decor,South,Georgia,Dallas,James Carter,1,87.43,0.001,87.34,46.56,33.98,0.3891,6.8,Credit Card,Low,2025,12,Dec,Sunday,7,Profitable,Low,Small
ORD-00124,2023-10-01,2023-10-05,CUST-00124,Customer 124,Consumer,P1001,Orbit Wireless Mouse,Furniture,Chairs,South,Florida,Dallas,Sophia Singh,3,317.12,0.016,936.14,547.51,380.23,0.4062,8.4,Debit Card,High,2023,10,Oct,Sunday,4,Profitable,Low,Medium
ORD-00129,2023-12-01,2023-12-08,CUST-00129,Customer 129,Home Office,P1017,CloudDrive File Box,Furniture,Coolers,South,Georgia,Atlanta,Ava Patel,1,572.89,0.02,561.43,375.9,178.73,0.3183,6.8,Debit Card,Low,2023,12,Dec,Friday,7,Profitable,Medium,Medium
ORD-00130,2024-10-07,2024-10-13,CUST-00130,Customer 130,Home Office,P1006,Orbit Wireless Mouse,Furniture,Peripherals,South,Florida,Houston,Ethan Brooks,3,18.82,0.042,54.09,27.59,18.1,0.3346,8.4,Cash on Delivery,High,2024,10,Oct,Monday,6,Profitable,Medium,Small
ORD-00132,2023-08-28,2023-08-29,CUST-00132,Customer 132,Consumer,P1019,Aero Standing Desk,Office Supplies,Writing,South,North Carolina,Dallas,Liam Chen,3,58.21,0.001,174.46,77.37,88.69,0.5084,8.4,Credit Card,Low,2023,8,Aug,Monday,1,Profitable,Low,Small
ORD-00143,2024-06-02,2024-06-07,CUST-00143,Customer 143,Corporate,P1005,Trail Tote,Technology,Coolers,South,Florida,Atlanta,Liam Chen,4,12.95,0.034,50.04,28.81,12.03,0.2404,9.2,PayPal,High,2024,6,Jun,Sunday,5,Profitable,Medium,Small
ORD-00144,2024-04-24,2024-05-01,CUST-00144,Customer 144,Consumer,P1012,SmartInk Pen Set,Outdoor,Lighting,South,Florida,Miami,Ethan Brooks,4,127.98,0.012,505.78,252.55,244.03,0.4825,9.2,Bank Transfer,Medium,2024,4,Apr,Wednesday,7,Profitable,Low,Medium
ORD-00155,2025-10-20,2025-10-25,CUST-00155,Customer 155,Consumer,P1018,Cove Wall Clock,Technology,Plants,South,Florida,Dallas,Ava Patel,3,97.65,0.056,276.54,128.14,140,0.5063,8.4,Bank Transfer,High,2025,10,Oct,Monday,5,Profitable,High,Small
ORD-00156,2023-10-18,2023-10-19,CUST-00156,Customer 156,Home Office,P1003,Tide Cooler,Furniture,Paper,South,Texas,Atlanta,Mia Rodriguez,2,161.15,0.052,305.54,167.31,130.63,0.4275,7.6,Credit Card,High,2023,10,Oct,Wednesday,1,Profitable,High,Small
ORD-00165,2023-06-18,2023-06-22,CUST-00165,Customer 165,Corporate,P1009,CloudDrive File Box,Home Decor,Flooring,South,North Carolina,Atlanta,Sophia Singh,3,93.15,0.021,273.58,138.66,126.52,0.4625,8.4,Credit Card,High,2023,6,Jun,Sunday,4,Profitable,Medium,Small
ORD-00168,2023-10-03,2023-10-08,CUST-00168,Customer 168,Consumer,P1014,Halo Planter,Office Supplies,Storage,South,Georgia,Dallas,Noah Kim,4,46.6,0.052,176.71,79.3,88.21,0.4992,9.2,Bank Transfer,High,2023,10,Oct,Tuesday,5,Profitable,High,Small
ORD-00172,2023-08-21,2023-08-28,CUST-00172,Customer 172,Home Office,P1008,Tide Cooler,Technology,Peripherals,South,Texas,Houston,Ava Patel,2,36.24,0.009,71.83,35.31,28.92,0.4026,7.6,Debit Card,Medium,2023,8,Aug,Monday,7,Profitable,Low,Small
ORD-00173,2024-11-24,2024-12-01,CUST-00173,Customer 173,Consumer,P1018,Nova Laptop Stand,Technology,Decor,South,Georgia,Miami,Olivia Martin,5,96.6,0.029,468.99,206.66,252.33,0.538,10,PayPal,Medium,2024,11,Nov,Sunday,7,Profitable,Medium,Small
ORD-00178,2024-12-07,2024-12-09,CUST-00178,Customer 178,Consumer,P1013,Harbor Rug,Office Supplies,Accessories,South,North Carolina,Houston,Sophia Singh,4,163.92,0.022,641.26,363.79,268.27,0.4183,9.2,Bank Transfer,High,2024,12,Dec,Saturday,2,Profitable,Medium,Medium
ORD-00183,2025-09-13,2025-09-17,CUST-00183,Customer 183,Corporate,P1006,FlexNote Notebook,Office Supplies,Storage,South,Georgia,Houston,Ethan Brooks,1,18.44,0.013,18.2,12.82,-1.42,-0.078,6.8,Credit Card,Low,2025,9,Sep,Saturday,4,Unprofitable,Low,Small
ORD-00186,2025-10-26,2025-10-31,CUST-00186,Customer 186,Corporate,P1015,Harbor Rug,Home Decor,Accessories,South,Florida,Dallas,Sophia Singh,3,69.17,0.024,202.53,93.35,100.78,0.4976,8.4,Credit Card,Medium,2025,10,Oct,Sunday,5,Profitable,Medium,Small
ORD-00190,2023-11-03,2023-11-07,CUST-00190,Customer 190,Consumer,P1002,Halo Planter,Technology,Video,South,North Carolina,Miami,Ethan Brooks,4,87.76,0.013,346.48,163.97,173.31,0.5002,9.2,Credit Card,Low,2023,11,Nov,Friday,4,Profitable,Low,Small
ORD-00192,2025-11-28,2025-12-02,CUST-00192,Customer 192,Consumer,P1005,Tide Cooler,Outdoor,Writing,South,North Carolina,Houston,Ethan Brooks,3,13.59,0.016,40.12,25.25,6.47,0.1613,8.4,Debit Card,High,2025,11,Nov,Friday,4,Profitable,Low,Small
ORD-00196,2024-09-06,2024-09-10,CUST-00196,Customer 196,Home Office,P1007,Nova Laptop Stand,Office Supplies,Lighting,South,North Carolina,Miami,James Carter,1,24.09,0.005,23.97,14.17,3,0.1252,6.8,Credit Card,Medium,2024,9,Sep,Friday,4,Profitable,Low,Small
ORD-00202,2023-10-03,2023-10-04,CUST-00202,Customer 202,Corporate,P1014,Summit Patio Set,Technology,Accessories,South,Georgia,Houston,Sophia Singh,2,45.17,0.053,85.55,44.21,33.74,0.3944,7.6,Debit Card,High,2023,10,Oct,Tuesday,1,Profitable,High,Small
ORD-00207,2023-08-28,2023-09-04,CUST-00207,Customer 207,Consumer,P1004,FlexNote Notebook,Office Supplies,Accessories,South,Georgia,Houston,Ava Patel,3,609.14,0.028,1776.25,1130.84,637.01,0.3586,8.4,Credit Card,Medium,2023,8,Aug,Monday,7,Profitable,Medium,Large
ORD-00215,2025-02-13,2025-02-14,CUST-00215,Customer 215,Home Office,P1002,Northstar Lantern,Office Supplies,Storage,South,Texas,Atlanta,Liam Chen,3,74.83,0.024,219.1,106.14,104.56,0.4772,8.4,Credit Card,Medium,2025,2,Feb,Thursday,1,Profitable,Medium,Small
ORD-00218,2025-12-11,2025-12-15,CUST-00218,Customer 218,Consumer,P1012,Orbit Wireless Mouse,Home Decor,Storage,South,Texas,Atlanta,Olivia Martin,4,133.35,0.038,513.13,258.07,245.86,0.4791,9.2,Credit Card,High,2025,12,Dec,Thursday,4,Profitable,Medium,Medium
ORD-00221,2025-08-14,2025-08-17,CUST-00221,Customer 221,Corporate,P1013,Northstar Lantern,Office Supplies,Coolers,South,Florida,Houston,Olivia Martin,3,166.21,0.026,485.67,281.59,195.68,0.4029,8.4,Cash on Delivery,Medium,2025,8,Aug,Thursday,3,Profitable,Medium,Small
ORD-00223,2023-01-20,2023-01-27,CUST-00223,Customer 223,Corporate,P1007,Lumen Desk Lamp,Home Decor,Paper,South,Georgia,Houston,Olivia Martin,1,24.37,0.03,23.64,16.02,0.82,0.0347,6.8,Bank Transfer,High,2023,1,Jan,Friday,7,Profitable,Medium,Small
ORD-00227,2025-02-07,2025-02-09,CUST-00227,Customer 227,Consumer,P1005,Cove Wall Clock,Furniture,Peripherals,South,Georgia,Miami,James Carter,5,12.4,0.002,61.88,27.87,24.01,0.388,10,Bank Transfer,Medium,2025,2,Feb,Friday,2,Profitable,Low,Small
ORD-00235,2023-02-14,2023-02-16,CUST-00235,Customer 235,Corporate,P1002,Orbit Wireless Mouse,Technology,Lighting,South,Texas,Houston,Noah Kim,3,74.97,0.029,218.39,102.8,107.19,0.4908,8.4,Bank Transfer,High,2023,2,Feb,Tuesday,2,Profitable,Medium,Small
ORD-00238,2023-04-19,2023-04-25,CUST-00238,Customer 238,Corporate,P1019,Lumen Desk Lamp,Office Supplies,Bags,South,Florida,Dallas,Noah Kim,2,56.96,0.022,111.41,55.65,48.16,0.4323,7.6,Credit Card,Medium,2023,4,Apr,Wednesday,6,Profitable,Medium,Small
ORD-00239,2024-09-10,2024-09-17,CUST-00239,Customer 239,Consumer,P1005,Summit Patio Set,Outdoor,Peripherals,South,Texas,Miami,James Carter,4,12.5,0.075,46.25,24.25,12.8,0.2768,9.2,Debit Card,Critical,2024,9,Sep,Tuesday,7,Profitable,High,Small
ORD-00246,2025-08-26,2025-08-27,CUST-00246,Customer 246,Consumer,P1020,Atlas Throw Pillow,Office Supplies,Plants,South,Texas,Houston,Sophia Singh,2,76.44,0.027,148.75,73.11,68.04,0.4574,7.6,Credit Card,Medium,2025,8,Aug,Tuesday,1,Profitable,Medium,Small
ORD-00249,2025-05-02,2025-05-08,CUST-00249,Customer 249,Consumer,P1015,Nova Laptop Stand,Home Decor,Coolers,South,Texas,Houston,Ethan Brooks,2,62.92,0.003,125.46,59.44,58.42,0.4656,7.6,Debit Card,Medium,2025,5,May,Friday,6,Profitable,Low,Small
ORD-00253,2025-03-17,2025-03-20,CUST-00253,Customer 253,Consumer,P1010,Aero Standing Desk,Technology,Peripherals,South,Florida,Houston,James Carter,2,54.01,0.059,101.65,50.72,43.33,0.4263,7.6,PayPal,High,2025,3,Mar,Monday,3,Profitable,High,Small
ORD-00256,2024-10-16,2024-10-22,CUST-00256,Customer 256,Consumer,P1010,Nimbus Monitor Arm,Furniture,Chairs,South,North Carolina,Houston,Liam Chen,2,57.03,0.022,111.55,51.12,52.83,0.4736,7.6,Credit Card,Medium,2024,10,Oct,Wednesday,6,Profitable,Medium,Small
ORD-00258,2025-11-08,2025-11-13,CUST-00258,Customer 258,Consumer,P1006,Pulse Keyboard,Outdoor,Accessories,South,Georgia,Miami,James Carter,3,18.65,0.029,54.33,26.6,19.33,0.3558,8.4,Bank Transfer,Medium,2025,11,Nov,Saturday,5,Profitable,Medium,Small
ORD-00259,2024-12-24,2024-12-29,CUST-00259,Customer 259,Consumer,P1012,CloudDrive File Box,Technology,Binders,South,Georgia,Miami,Mia Rodriguez,4,136.42,0.003,544.04,272.56,262.28,0.4821,9.2,PayPal,Medium,2024,12,Dec,Tuesday,5,Profitable,Low,Medium
ORD-00272,2025-10-26,2025-10-27,CUST-00272,Customer 272,Corporate,P1005,Cove Wall Clock,Office Supplies,Storage,South,Florida,Miami,James Carter,2,12.57,0.053,23.81,17.79,-1.58,-0.0664,7.6,Debit Card,High,2025,10,Oct,Sunday,1,Unprofitable,High,Small
ORD-00283,2024-11-22,2024-11-27,CUST-00283,Customer 283,Consumer,P1001,SmartInk Pen Set,Office Supplies,Peripherals,South,Florida,Dallas,James Carter,2,300.06,0.024,585.72,349.55,228.57,0.3902,7.6,Bank Transfer,Medium,2024,11,Nov,Friday,5,Profitable,Medium,Medium
ORD-00284,2023-01-13,2023-01-17,CUST-00284,Customer 284,Corporate,P1007,Harbor Rug,Office Supplies,Bags,South,Texas,Miami,Noah Kim,1,24.49,0.015,24.12,17.62,-0.3,-0.0124,6.8,Credit Card,Low,2023,1,Jan,Friday,4,Unprofitable,Low,Small
ORD-00294,2024-09-13,2024-09-15,CUST-00294,Customer 294,Consumer,P1019,Summit Patio Set,Technology,Flooring,South,North Carolina,Houston,James Carter,1,52.39,0.014,51.66,28.77,16.09,0.3115,6.8,Credit Card,Low,2024,9,Sep,Friday,2,Profitable,Low,Small
ORD-00295,2023-10-19,2023-10-22,CUST-00295,Customer 295,Consumer,P1002,Orbit Wireless Mouse,Outdoor,Furniture,South,North Carolina,Houston,Noah Kim,3,87.29,0.004,260.82,124.54,127.88,0.4903,8.4,Cash on Delivery,Low,2023,10,Oct,Thursday,3,Profitable,Low,Small
ORD-00306,2025-02-07,2025-02-08,CUST-00306,Customer 306,Home Office,P1020,Harbor Rug,Home Decor,Writing,South,Florida,Dallas,Ethan Brooks,3,68.78,0.015,203.24,102.41,92.43,0.4548,8.4,Credit Card,Medium,2025,2,Feb,Friday,1,Profitable,Low,Small
ORD-00309,2025-04-23,2025-04-30,CUST-00309,Customer 309,Consumer,P1013,ProClip Binder,Home Decor,Writing,South,Georgia,Dallas,Liam Chen,2,150.06,0.001,299.82,173,119.22,0.3976,7.6,Credit Card,Medium,2025,4,Apr,Wednesday,7,Profitable,Low,Small
ORD-00313,2023-02-16,2023-02-21,CUST-00313,Customer 313,Corporate,P1012,Echo Web Camera,Office Supplies,Decor,South,Georgia,Miami,Sophia Singh,4,120.14,0.021,470.47,238.38,222.89,0.4738,9.2,Credit Card,Medium,2023,2,Feb,Thursday,5,Profitable,Medium,Small
ORD-00315,2025-04-15,2025-04-19,CUST-00315,Customer 315,Consumer,P1009,Nova Laptop Stand,Office Supplies,Accessories,South,Texas,Atlanta,James Carter,2,89.46,0.012,176.77,94.18,74.99,0.4242,7.6,Credit Card,Low,2025,4,Apr,Tuesday,4,Profitable,Low,Small
ORD-00319,2023-12-25,2023-12-29,CUST-00319,Customer 319,Consumer,P1007,Orbit Wireless Mouse,Office Supplies,Accessories,South,Florida,Miami,Liam Chen,4,24.39,0.003,97.27,36.21,51.86,0.5332,9.2,PayPal,Low,2023,12,Dec,Monday,4,Profitable,Low,Small
ORD-00320,2023-08-13,2023-08-19,CUST-00320,Customer 320,Home Office,P1009,Echo Web Camera,Home Decor,Bags,South,North Carolina,Atlanta,Mia Rodriguez,1,92.73,0.018,91.06,47.07,37.19,0.4084,6.8,Bank Transfer,Low,2023,8,Aug,Sunday,6,Profitable,Low,Small
ORD-00324,2023-10-12,2023-10-16,CUST-00324,Customer 324,Corporate,P1011,Cove Wall Clock,Technology,Coolers,South,North Carolina,Atlanta,Olivia Martin,2,88.4,0.048,168.31,85.1,75.61,0.4492,7.6,Debit Card,Critical,2023,10,Oct,Thursday,4,Profitable,Medium,Small
ORD-00332,2025-06-07,2025-06-14,CUST-00332,Customer 332,Home Office,P1011,Nova Laptop Stand,Outdoor,Paper,South,North Carolina,Atlanta,Sophia Singh,2,84.83,0.023,165.76,86.18,71.98,0.4342,7.6,PayPal,High,2025,6,Jun,Saturday,7,Profitable,Medium,Small
ORD-00345,2024-11-04,2024-11-09,CUST-00345,Customer 345,Corporate,P1001,Atlas Throw Pillow,Technology,Lighting,South,North Carolina,Atlanta,Ethan Brooks,3,297.05,0.037,858.18,507.01,342.77,0.3994,8.4,PayPal,High,2024,11,Nov,Monday,5,Profitable,Medium,Medium
ORD-00346,2024-09-23,2024-09-27,CUST-00346,Customer 346,Corporate,P1001,Aero Standing Desk,Technology,Binders,South,North Carolina,Houston,Sophia Singh,4,294.8,0.075,1090.76,643.38,438.18,0.4017,9.2,PayPal,Critical,2024,9,Sep,Monday,4,Profitable,High,Medium
ORD-00348,2023-07-08,2023-07-15,CUST-00348,Customer 348,Home Office,P1012,Trail Tote,Home Decor,Lighting,South,Florida,Houston,Ava Patel,1,133,0.007,132.07,74.07,51.2,0.3877,6.8,Cash on Delivery,Low,2023,7,Jul,Saturday,7,Profitable,Low,Small
ORD-00349,2024-03-22,2024-03-24,CUST-00349,Customer 349,Corporate,P1015,Orbit Wireless Mouse,Technology,Lighting,South,North Carolina,Dallas,Ethan Brooks,3,64.02,0.037,184.95,87,89.55,0.4842,8.4,Cash on Delivery,Medium,2024,3,Mar,Friday,2,Profitable,Medium,Small
ORD-00353,2025-11-11,2025-11-18,CUST-00353,Customer 353,Consumer,P1006,Nova Laptop Stand,Home Decor,Accessories,South,North Carolina,Houston,Olivia Martin,3,18.91,0.004,56.5,23.88,24.22,0.4287,8.4,Credit Card,Low,2025,11,Nov,Tuesday,7,Profitable,Low,Small
ORD-00372,2023-01-14,2023-01-18,CUST-00372,Customer 372,Home Office,P1007,Trail Tote,Home Decor,Paper,South,North Carolina,Dallas,Noah Kim,3,23.84,0.028,69.52,30.38,30.74,0.4422,8.4,Credit Card,High,2023,1,Jan,Saturday,4,Profitable,Medium,Small
ORD-00383,2024-08-09,2024-08-12,CUST-00383,Customer 383,Consumer,P1019,Aero Standing Desk,Office Supplies,Writing,South,Florida,Atlanta,Mia Rodriguez,1,57.3,0.028,55.7,31.78,17.12,0.3074,6.8,Credit Card,Medium,2024,8,Aug,Friday,3,Profitable,Medium,Small
ORD-00389,2025-05-20,2025-05-22,CUST-00389,Customer 389,Corporate,P1011,SmartInk Pen Set,Home Decor,Writing,South,Florida,Miami,Olivia Martin,2,88.62,0.062,166.25,80.71,77.94,0.4688,7.6,Debit Card,High,2025,5,May,Tuesday,2,Profitable,High,Small
ORD-00392,2024-07-22,2024-07-25,CUST-00392,Customer 392,Consumer,P1019,FlexNote Notebook,Outdoor,Lighting,South,Texas,Dallas,Noah Kim,4,57.19,0.022,223.73,101.08,113.45,0.5071,9.2,Bank Transfer,Medium,2024,7,Jul,Monday,3,Profitable,Medium,Small
ORD-00394,2025-06-19,2025-06-24,CUST-00394,Customer 394,Corporate,P1013,Cove Wall Clock,Outdoor,Desks,South,Florida,Houston,Noah Kim,2,167.77,0.011,331.85,193.36,130.89,0.3944,7.6,Bank Transfer,Low,2025,6,Jun,Thursday,5,Profitable,Low,Small
ORD-00405,2024-01-26,2024-01-27,CUST-00405,Customer 405,Corporate,P1015,Orbit Wireless Mouse,Furniture,Desks,South,Florida,Miami,Sophia Singh,3,66.45,0.035,192.37,85.83,98.14,0.5102,8.4,Bank Transfer,Medium,2024,1,Jan,Friday,1,Profitable,Medium,Small
ORD-00410,2023-07-06,2023-07-08,CUST-00410,Customer 410,Consumer,P1020,Aero Standing Desk,Home Decor,Coolers,South,Georgia,Houston,Ava Patel,3,73.01,0.027,213.12,100.9,103.82,0.4871,8.4,Debit Card,Medium,2023,7,Jul,Thursday,2,Profitable,Medium,Small
ORD-00411,2024-11-15,2024-11-22,CUST-00411,Customer 411,Consumer,P1014,Echo Web Camera,Furniture,Decor,South,Florida,Dallas,Sophia Singh,5,42.26,0.023,206.44,86,110.44,0.535,10,Bank Transfer,Medium,2024,11,Nov,Friday,7,Profitable,Medium,Small
ORD-00422,2025-10-15,2025-10-19,CUST-00422,Customer 422,Corporate,P1006,Pulse Keyboard,Furniture,Textiles,South,Georgia,Miami,Ava Patel,2,18.62,0.047,35.49,18.75,9.14,0.2575,7.6,Debit Card,High,2025,10,Oct,Wednesday,4,Profitable,Medium,Small
ORD-00426,2024-04-20,2024-04-21,CUST-00426,Customer 426,Home Office,P1016,Atlas Throw Pillow,Furniture,Binders,South,Georgia,Houston,Liam Chen,1,38.4,0.005,38.21,22.22,9.19,0.2405,6.8,Credit Card,Medium,2024,4,Apr,Saturday,1,Profitable,Low,Small
ORD-00430,2023-03-17,2023-03-24,CUST-00430,Customer 430,Consumer,P1015,Halo Planter,Office Supplies,Binders,South,Texas,Houston,Ethan Brooks,1,68.8,0.015,67.77,39.92,21.05,0.3106,6.8,Debit Card,Low,2023,3,Mar,Friday,7,Profitable,Low,Small
ORD-00434,2023-05-16,2023-05-18,CUST-00434,Customer 434,Consumer,P1017,Tide Cooler,Outdoor,Peripherals,South,Georgia,Houston,Ava Patel,2,556.18,0.015,1095.67,733.59,354.48,0.3235,7.6,Credit Card,Medium,2023,5,May,Tuesday,2,Profitable,Low,Medium
ORD-00441,2023-06-21,2023-06-23,CUST-00441,Customer 441,Consumer,P1002,ProClip Binder,Home Decor,Decor,South,Texas,Atlanta,Noah Kim,3,78.2,0.002,234.13,113.3,112.43,0.4802,8.4,Credit Card,Medium,2023,6,Jun,Wednesday,2,Profitable,Low,Small
ORD-00446,2025-03-15,2025-03-20,CUST-00446,Customer 446,Consumer,P1001,Nimbus Monitor Arm,Office Supplies,Bags,South,Texas,Dallas,Noah Kim,1,286.49,0.044,273.88,168.52,98.56,0.3599,6.8,Bank Transfer,High,2025,3,Mar,Saturday,5,Profitable,Medium,Small
ORD-00456,2024-08-20,2024-08-27,CUST-00456,Customer 456,Consumer,P1013,Harbor Rug,Office Supplies,Bags,South,Georgia,Dallas,Olivia Martin,3,156.17,0.004,466.64,272.33,185.91,0.3984,8.4,PayPal,Low,2024,8,Aug,Tuesday,7,Profitable,Low,Small
ORD-00459,2023-03-16,2023-03-20,CUST-00459,Customer 459,Consumer,P1010,Lumen Desk Lamp,Home Decor,Lighting,South,Georgia,Atlanta,Mia Rodriguez,3,55.02,0.04,158.46,74.82,75.24,0.4748,8.4,Cash on Delivery,High,2023,3,Mar,Thursday,4,Profitable,Medium,Small
ORD-00460,2023-01-25,2023-02-01,CUST-00460,Customer 460,Home Office,P1005,Nimbus Monitor Arm,Office Supplies,Video,South,Georgia,Miami,Olivia Martin,2,11.97,0.042,22.93,18.32,-2.99,-0.1304,7.6,Credit Card,High,2023,1,Jan,Wednesday,7,Unprofitable,Medium,Small
ORD-00461,2023-11-12,2023-11-17,CUST-00461,Customer 461,Consumer,P1014,Aero Standing Desk,Furniture,Accessories,South,Texas,Dallas,Liam Chen,2,45.01,0.012,88.94,46.04,35.3,0.3969,7.6,Debit Card,Low,2023,11,Nov,Sunday,5,Profitable,Low,Small
ORD-00464,2024-07-22,2024-07-27,CUST-00464,Customer 464,Consumer,P1009,Nova Laptop Stand,Home Decor,Binders,South,Florida,Dallas,Liam Chen,4,89.14,0.05,338.73,166.68,162.85,0.4808,9.2,PayPal,High,2024,7,Jul,Monday,5,Profitable,High,Small
ORD-00465,2025-08-11,2025-08-16,CUST-00465,Customer 465,Consumer,P1001,Summit Patio Set,Office Supplies,Lighting,South,Georgia,Miami,Liam Chen,4,298.06,0.046,1137.4,666,462.2,0.4064,9.2,PayPal,High,2025,8,Aug,Monday,5,Profitable,Medium,Medium
ORD-00473,2023-03-15,2023-03-19,CUST-00473,Customer 473,Consumer,P1001,Northstar Lantern,Furniture,Storage,South,Texas,Houston,Ethan Brooks,2,272.93,0.009,540.95,320.46,212.89,0.3935,7.6,Credit Card,Low,2023,3,Mar,Wednesday,4,Profitable,Low,Medium
ORD-00477,2023-12-25,2024-01-01,CUST-00477,Customer 477,Consumer,P1001,Tide Cooler,Office Supplies,Plants,South,Texas,Miami,Ethan Brooks,2,317.02,0.01,627.7,373.58,246.52,0.3927,7.6,Cash on Delivery,Low,2023,12,Dec,Monday,7,Profitable,Low,Medium
ORD-00480,2024-10-17,2024-10-20,CUST-00480,Customer 480,Consumer,P1016,FlexNote Notebook,Furniture,Furniture,South,Florida,Miami,Sophia Singh,2,41.04,0.023,80.19,33.71,38.88,0.4848,7.6,Bank Transfer,Medium,2024,10,Oct,Thursday,3,Profitable,Medium,Small
ORD-00484,2024-04-23,2024-04-26,CUST-00484,Customer 484,Corporate,P1020,SmartInk Pen Set,Home Decor,Textiles,South,Texas,Atlanta,Sophia Singh,1,70.95,0.048,67.54,35.75,24.99,0.37,6.8,Bank Transfer,High,2024,4,Apr,Tuesday,3,Profitable,Medium,Small
ORD-00491,2024-09-11,2024-09-14,CUST-00491,Customer 491,Home Office,P1020,Trail Tote,Technology,Plants,South,Florida,Houston,Noah Kim,2,72.47,0.021,141.9,74.71,59.59,0.4199,7.6,PayPal,High,2024,9,Sep,Wednesday,3,Profitable,Medium,Small
ORD-00492,2024-04-11,2024-04-14,CUST-00492,Customer 492,Corporate,P1008,Harbor Rug,Home Decor,Video,South,Florida,Houston,Ava Patel,1,33.47,0.025,32.63,17.52,8.31,0.2547,6.8,Debit Card,High,2024,4,Apr,Thursday,3,Profitable,Medium,Small
ORD-00496,2024-05-01,2024-05-06,CUST-00496,Customer 496,Corporate,P1014,Northstar Lantern,Office Supplies,Decor,South,Georgia,Miami,Olivia Martin,2,42.64,0.024,83.23,41.66,33.97,0.4081,7.6,Credit Card,High,2024,5,May,Wednesday,5,Profitable,Medium,Small
ORD-00497,2024-04-21,2024-04-23,CUST-00497,Customer 497,Consumer,P1019,ProClip Binder,Furniture,Accessories,South,Texas,Dallas,Olivia Martin,1,56.03,0.011,55.41,33.77,14.84,0.2678,6.8,Credit Card,Medium,2024,4,Apr,Sunday,2,Profitable,Low,Small
ORD-00501,2025-10-24,2025-10-26,CUST-00501,Customer 501,Corporate,P1008,Orbit Wireless Mouse,Outdoor,Coolers,South,Texas,Miami,Sophia Singh,3,38.31,0.022,112.4,51.12,52.88,0.4705,8.4,Bank Transfer,Medium,2025,10,Oct,Friday,2,Profitable,Medium,Small
ORD-00504,2025-12-22,2025-12-24,CUST-00504,Customer 504,Home Office,P1004,SmartInk Pen Set,Office Supplies,Accessories,South,Texas,Houston,Ava Patel,1,628.36,0.05,596.94,380.93,209.21,0.3505,6.8,Cash on Delivery,High,2025,12,Dec,Monday,2,Profitable,High,Medium
ORD-00508,2025-04-19,2025-04-25,CUST-00508,Customer 508,Consumer,P1008,CloudDrive File Box,Outdoor,Peripherals,South,North Carolina,Houston,Olivia Martin,2,34.18,0.001,68.29,32.7,27.99,0.4099,7.6,Cash on Delivery,Medium,2025,4,Apr,Saturday,6,Profitable,Low,Small
ORD-00509,2025-10-10,2025-10-17,CUST-00509,Customer 509,Corporate,P1007,Echo Web Camera,Furniture,Lighting,South,Texas,Dallas,Noah Kim,4,25.42,0.033,98.32,42.14,46.98,0.4778,9.2,Bank Transfer,Medium,2025,10,Oct,Friday,7,Profitable,Medium,Small
ORD-00515,2023-09-05,2023-09-09,CUST-00515,Customer 515,Consumer,P1010,Cove Wall Clock,Outdoor,Plants,South,Georgia,Houston,Sophia Singh,4,53.07,0.032,205.49,89.31,106.98,0.5206,9.2,Cash on Delivery,High,2023,9,Sep,Tuesday,4,Profitable,Medium,Small
ORD-00516,2023-10-15,2023-10-18,CUST-00516,Customer 516,Consumer,P1013,Summit Patio Set,Home Decor,Writing,South,Texas,Dallas,Liam Chen,4,161.54,0.003,644.22,368.37,266.65,0.4139,9.2,Cash on Delivery,Medium,2023,10,Oct,Sunday,3,Profitable,Low,Medium
ORD-00518,2025-09-27,2025-10-03,CUST-00518,Customer 518,Corporate,P1015,FlexNote Notebook,Furniture,Writing,South,Texas,Atlanta,Noah Kim,3,68.55,0.018,201.95,92.47,101.08,0.5005,8.4,Bank Transfer,Medium,2025,9,Sep,Saturday,6,Profitable,Low,Small
ORD-00520,2023-12-16,2023-12-19,CUST-00520,Customer 520,Consumer,P1002,Nimbus Monitor Arm,Home Decor,Plants,South,North Carolina,Atlanta,Ava Patel,3,80.48,0.019,236.85,110.84,117.61,0.4966,8.4,Bank Transfer,Medium,2023,12,Dec,Saturday,3,Profitable,Low,Small
ORD-00526,2024-06-05,2024-06-07,CUST-00526,Customer 526,Consumer,P1006,Summit Patio Set,Technology,Lighting,South,Florida,Miami,Noah Kim,1,17.48,0.055,16.52,15.71,-5.99,-0.3626,6.8,Debit Card,High,2024,6,Jun,Wednesday,2,Unprofitable,High,Small
ORD-00529,2023-07-05,2023-07-10,CUST-00529,Customer 529,Home Office,P1017,Nova Laptop Stand,Technology,Video,South,Florida,Atlanta,James Carter,2,543.7,0.01,1076.53,720.46,348.47,0.3237,7.6,PayPal,High,2023,7,Jul,Wednesday,5,Profitable,Low,Medium
ORD-00538,2023-11-01,2023-11-03,CUST-00538,Customer 538,Corporate,P1018,Summit Patio Set,Technology,Writing,South,Texas,Atlanta,Noah Kim,5,97.6,0.025,475.8,215.78,250.02,0.5255,10,Bank Transfer,Medium,2023,11,Nov,Wednesday,2,Profitable,Medium,Small
ORD-00550,2025-03-01,2025-03-05,CUST-00550,Customer 550,Corporate,P1017,CloudDrive File Box,Furniture,Binders,South,North Carolina,Dallas,Olivia Martin,3,524.17,0.011,1555.21,1037.78,509.03,0.3273,8.4,Debit Card,Low,2025,3,Mar,Saturday,4,Profitable,Low,Large
ORD-00568,2024-05-06,2024-05-10,CUST-00568,Customer 568,Corporate,P1018,Northstar Lantern,Home Decor,Peripherals,South,Georgia,Miami,James Carter,2,84,0.064,157.25,78.42,71.23,0.453,7.6,Cash on Delivery,High,2024,5,May,Monday,4,Profitable,High,Small
ORD-00569,2025-07-25,2025-07-31,CUST-00569,Customer 569,Consumer,P1020,Pulse Keyboard,Outdoor,Video,South,Texas,Atlanta,Mia Rodriguez,2,74.71,0.023,145.98,72.34,66.04,0.4524,7.6,Debit Card,Medium,2025,7,Jul,Friday,6,Profitable,Medium,Small
ORD-00571,2024-06-09,2024-06-16,CUST-00571,Customer 571,Corporate,P1013,Echo Web Camera,Outdoor,Writing,South,Florida,Atlanta,Ethan Brooks,3,164.17,0.015,485.12,280.54,196.18,0.4044,8.4,Debit Card,Low,2024,6,Jun,Sunday,7,Profitable,Low,Small
ORD-00575,2025-11-17,2025-11-19,CUST-00575,Customer 575,Consumer,P1017,Tide Cooler,Technology,Chairs,South,Texas,Miami,Liam Chen,4,567.49,0.036,2188.24,1453.38,725.66,0.3316,9.2,Debit Card,High,2025,11,Nov,Monday,2,Profitable,Medium,Large
ORD-00576,2025-04-21,2025-04-24,CUST-00576,Customer 576,Consumer,P1012,Nova Laptop Stand,Office Supplies,Chairs,South,Texas,Atlanta,Ethan Brooks,2,131.45,0.017,258.43,137.34,113.49,0.4392,7.6,Credit Card,High,2025,4,Apr,Monday,3,Profitable,Low,Small
ORD-00601,2023-11-24,2023-11-28,CUST-00601,Customer 601,Consumer,P1020,ErgoMesh Chair,Outdoor,Chairs,South,North Carolina,Dallas,Noah Kim,1,74.12,0.032,71.75,38.27,26.68,0.3718,6.8,Credit Card,High,2023,11,Nov,Friday,4,Profitable,Medium,Small
ORD-00605,2023-11-08,2023-11-11,CUST-00605,Customer 605,Corporate,P1007,ErgoMesh Chair,Home Decor,Textiles,South,Texas,Atlanta,James Carter,2,26.37,0.036,50.84,23.49,19.75,0.3885,7.6,Credit Card,Medium,2023,11,Nov,Wednesday,3,Profitable,Medium,Small
ORD-00607,2023-04-19,2023-04-24,CUST-00607,Customer 607,Home Office,P1018,Atlas Throw Pillow,Furniture,Chairs,South,Georgia,Atlanta,Ava Patel,3,84.36,0.036,243.97,114.8,120.77,0.495,8.4,Bank Transfer,High,2023,4,Apr,Wednesday,5,Profitable,Medium,Small
ORD-00616,2025-05-10,2025-05-12,CUST-00616,Customer 616,Corporate,P1015,Pulse Keyboard,Technology,Textiles,South,Florida,Dallas,Liam Chen,3,65.23,0.04500000000000001,186.88,88.61,89.87,0.4809,8.4,Debit Card,High,2025,5,May,Saturday,2,Profitable,Medium,Small
ORD-00618,2023-04-24,2023-04-29,CUST-00618,Customer 618,Corporate,P1012,Northstar Lantern,Outdoor,Desks,South,Texas,Atlanta,Olivia Martin,3,130.41,0.028,380.28,193.38,178.5,0.4694,8.4,Cash on Delivery,Medium,2023,4,Apr,Monday,5,Profitable,Medium,Small
ORD-00632,2025-09-04,2025-09-09,CUST-00632,Customer 632,Consumer,P1006,Northstar Lantern,Home Decor,Coolers,South,Texas,Dallas,Mia Rodriguez,4,18.2,0.031,70.54,26.46,34.88,0.4945,9.2,PayPal,High,2025,9,Sep,Thursday,5,Profitable,Medium,Small
ORD-00634,2024-06-01,2024-06-03,CUST-00634,Customer 634,Home Office,P1006,ErgoMesh Chair,Technology,Flooring,South,Florida,Dallas,Ethan Brooks,3,18.98,0.04,54.66,26.18,20.08,0.3674,8.4,Credit Card,High,2024,6,Jun,Saturday,2,Profitable,Medium,Small
ORD-00638,2023-12-17,2023-12-24,CUST-00638,Customer 638,Corporate,P1014,Orbit Wireless Mouse,Technology,Chairs,South,Georgia,Atlanta,Ethan Brooks,4,45.06,0.08099999999999999,165.64,74.41,82.03,0.4952,9.2,Credit Card,Critical,2023,12,Dec,Sunday,7,Profitable,High,Small
ORD-00642,2024-10-05,2024-10-08,CUST-00642,Customer 642,Consumer,P1011,Lumen Desk Lamp,Office Supplies,Video,South,Florida,Miami,Olivia Martin,3,94.75,0.004,283.11,134.35,140.36,0.4958,8.4,Credit Card,Medium,2024,10,Oct,Saturday,3,Profitable,Low,Small
ORD-00645,2023-12-09,2023-12-13,CUST-00645,Customer 645,Corporate,P1005,SmartInk Pen Set,Furniture,Peripherals,South,Georgia,Dallas,Olivia Martin,3,12.62,0.02,37.1,19.59,9.11,0.2456,8.4,Debit Card,Medium,2023,12,Dec,Saturday,4,Profitable,Medium,Small
ORD-00661,2024-12-03,2024-12-10,CUST-00661,Customer 661,Corporate,P1008,Aero Standing Desk,Outdoor,Peripherals,South,Texas,Houston,Mia Rodriguez,4,37.37,0.028,145.29,60.65,75.44,0.5192,9.2,PayPal,Medium,2024,12,Dec,Tuesday,7,Profitable,Medium,Small
ORD-00672,2025-11-06,2025-11-09,CUST-00672,Customer 672,Home Office,P1008,Nimbus Monitor Arm,Technology,Bags,South,Texas,Miami,Liam Chen,2,35.41,0.004,70.54,38.66,24.28,0.3442,7.6,Debit Card,Low,2025,11,Nov,Thursday,3,Profitable,Low,Small
ORD-00676,2025-05-12,2025-05-15,CUST-00676,Customer 676,Corporate,P1015,Summit Patio Set,Furniture,Binders,South,North Carolina,Houston,Mia Rodriguez,4,66.01,0.077,243.71,113.31,121.2,0.4973,9.2,PayPal,Critical,2025,5,May,Monday,3,Profitable,High,Small
ORD-00682,2023-03-01,2023-03-07,CUST-00682,Customer 682,Consumer,P1020,Halo Planter,Furniture,Paper,South,Florida,Miami,Sophia Singh,3,72.96,0.055,206.84,98.84,99.6,0.4815,8.4,Bank Transfer,Critical,2023,3,Mar,Wednesday,6,Profitable,High,Small
ORD-00721,2025-11-10,2025-11-14,CUST-00721,Customer 721,Consumer,P1010,FlexNote Notebook,Technology,Chairs,South,Georgia,Miami,Ethan Brooks,2,57.03,0.027,110.98,55.18,48.2,0.4343,7.6,Credit Card,Medium,2025,11,Nov,Monday,4,Profitable,Medium,Small
ORD-00730,2023-07-04,2023-07-06,CUST-00730,Customer 730,Corporate,P1020,Nimbus Monitor Arm,Technology,Coolers,South,Texas,Miami,Liam Chen,3,70.68,0.032,205.25,103.48,93.37,0.4549,8.4,Debit Card,Medium,2023,7,Jul,Tuesday,2,Profitable,Medium,Small
ORD-00737,2024-10-06,2024-10-09,CUST-00737,Customer 737,Consumer,P1015,ProClip Binder,Home Decor,Decor,South,Georgia,Houston,Liam Chen,3,67.84,0.009,201.69,92.73,100.56,0.4986,8.4,Bank Transfer,Low,2024,10,Oct,Sunday,3,Profitable,Low,Small
ORD-00750,2024-11-04,2024-11-05,CUST-00750,Customer 750,Corporate,P1020,Summit Patio Set,Home Decor,Decor,South,Texas,Dallas,Ethan Brooks,4,79.97,0.011,316.36,150.78,156.38,0.4943,9.2,Bank Transfer,Medium,2024,11,Nov,Monday,1,Profitable,Low,Small
ORD-00753,2024-01-16,2024-01-21,CUST-00753,Customer 753,Corporate,P1002,Nimbus Monitor Arm,Outdoor,Storage,South,Georgia,Houston,Olivia Martin,3,75.77,0.03,220.49,107.33,104.76,0.4751,8.4,Debit Card,Medium,2024,1,Jan,Tuesday,5,Profitable,Medium,Small
ORD-00754,2024-09-14,2024-09-21,CUST-00754,Customer 754,Consumer,P1004,Tide Cooler,Office Supplies,Coolers,South,Texas,Miami,Olivia Martin,1,571.46,0.011,565.17,364.14,194.23,0.3437,6.8,Bank Transfer,Low,2024,9,Sep,Saturday,7,Profitable,Low,Medium
ORD-00767,2025-09-16,2025-09-18,CUST-00767,Customer 767,Consumer,P1010,Echo Web Camera,Office Supplies,Textiles,South,Florida,Houston,Olivia Martin,2,53.16,0.07,98.88,49.99,41.29,0.4176,7.6,Debit Card,Critical,2025,9,Sep,Tuesday,2,Profitable,High,Small
ORD-00771,2023-05-24,2023-05-31,CUST-00771,Customer 771,Consumer,P1002,ProClip Binder,Outdoor,Lighting,South,Florida,Houston,James Carter,5,81.14,0.043,388.25,178.74,199.51,0.5139,10,Bank Transfer,Critical,2023,5,May,Wednesday,7,Profitable,Medium,Small
ORD-00778,2025-06-14,2025-06-18,CUST-00778,Customer 778,Consumer,P1009,SmartInk Pen Set,Furniture,Storage,South,Florida,Atlanta,Sophia Singh,1,94.3,0.003,94.02,53.78,33.44,0.3557,6.8,PayPal,Medium,2025,6,Jun,Saturday,4,Profitable,Low,Small
ORD-00781,2025-05-20,2025-05-27,CUST-00781,Customer 781,Corporate,P1020,CloudDrive File Box,Technology,Accessories,South,Georgia,Miami,Ava Patel,2,70.24,0.02,137.67,70.2,59.87,0.4349,7.6,Bank Transfer,Low,2025,5,May,Tuesday,7,Profitable,Medium,Small
ORD-00789,2024-02-10,2024-02-17,CUST-00789,Customer 789,Corporate,P1020,Aero Standing Desk,Technology,Decor,South,Texas,Atlanta,Sophia Singh,2,70.82,0.055,133.85,69.37,56.88,0.425,7.6,Bank Transfer,High,2024,2,Feb,Saturday,7,Profitable,High,Small
ORD-00790,2025-07-20,2025-07-27,CUST-00790,Customer 790,Consumer,P1017,SmartInk Pen Set,Office Supplies,Lighting,South,Texas,Miami,Ava Patel,4,570.99,0.035,2204.02,1459.33,735.49,0.3337,9.2,Cash on Delivery,High,2025,7,Jul,Sunday,7,Profitable,Medium,Large
ORD-00794,2024-04-10,2024-04-12,CUST-00794,Customer 794,Consumer,P1003,Echo Web Camera,Furniture,Textiles,South,Texas,Miami,Sophia Singh,3,141.68,0.01,420.79,226.46,185.93,0.4419,8.4,Bank Transfer,Medium,2024,4,Apr,Wednesday,2,Profitable,Low,Small
ORD-00802,2023-04-15,2023-04-20,CUST-00802,Customer 802,Consumer,P1018,Tide Cooler,Home Decor,Storage,South,North Carolina,Dallas,Liam Chen,4,89.02,0.009,352.88,156.6,187.08,0.5302,9.2,PayPal,Low,2023,4,Apr,Saturday,5,Profitable,Low,Small
ORD-00804,2024-04-09,2024-04-11,CUST-00804,Customer 804,Home Office,P1007,ProClip Binder,Outdoor,Furniture,South,Texas,Atlanta,Ethan Brooks,3,24.61,0.022,72.21,34.26,29.55,0.4092,8.4,Bank Transfer,Medium,2024,4,Apr,Tuesday,2,Profitable,Medium,Small
ORD-00805,2024-01-08,2024-01-09,CUST-00805,Customer 805,Corporate,P1013,Echo Web Camera,Furniture,Peripherals,South,Georgia,Houston,Olivia Martin,2,159.58,0.026,310.86,185.67,117.59,0.3783,7.6,Credit Card,Medium,2024,1,Jan,Monday,1,Profitable,Medium,Small
ORD-00807,2025-03-10,2025-03-16,CUST-00807,Customer 807,Corporate,P1013,Nova Laptop Stand,Outdoor,Lighting,South,Texas,Dallas,Sophia Singh,1,149.34,0.032,144.56,89.13,48.63,0.3364,6.8,Debit Card,Medium,2025,3,Mar,Monday,6,Profitable,Medium,Small
ORD-00813,2023-01-08,2023-01-09,CUST-00813,Customer 813,Corporate,P1006,Cove Wall Clock,Outdoor,Peripherals,South,Georgia,Dallas,Olivia Martin,1,17.02,0.067,15.88,15.05,-5.97,-0.3759,6.8,Credit Card,High,2023,1,Jan,Sunday,1,Unprofitable,High,Small
ORD-00817,2024-11-25,2024-11-30,CUST-00817,Customer 817,Consumer,P1007,ProClip Binder,Outdoor,Lighting,South,Florida,Houston,Olivia Martin,1,25.84,0.015,25.45,14.31,4.34,0.1705,6.8,PayPal,Low,2024,11,Nov,Monday,5,Profitable,Low,Small
ORD-00826,2025-11-16,2025-11-23,CUST-00826,Customer 826,Consumer,P1008,SmartInk Pen Set,Technology,Plants,South,Florida,Houston,Noah Kim,3,35.59,0.059,100.47,44.41,47.66,0.4744,8.4,Bank Transfer,Critical,2025,11,Nov,Sunday,7,Profitable,High,Small
ORD-00833,2023-11-06,2023-11-13,CUST-00833,Customer 833,Corporate,P1018,Nova Laptop Stand,Furniture,Furniture,South,Texas,Miami,Sophia Singh,4,90.37,0.053,342.32,154.4,178.72,0.5221,9.2,Credit Card,Critical,2023,11,Nov,Monday,7,Profitable,High,Small
ORD-00835,2024-11-10,2024-11-12,CUST-00835,Customer 835,Corporate,P1002,Cove Wall Clock,Furniture,Binders,South,Texas,Houston,Liam Chen,2,86.33,0.01,170.93,85.93,77.4,0.4528,7.6,Bank Transfer,Medium,2024,11,Nov,Sunday,2,Profitable,Low,Small
ORD-00839,2024-07-19,2024-07-20,CUST-00839,Customer 839,Home Office,P1014,CloudDrive File Box,Outdoor,Writing,South,Georgia,Miami,Noah Kim,3,43.14,0.038,124.5,56.69,59.41,0.4772,8.4,Debit Card,Critical,2024,7,Jul,Friday,1,Profitable,Medium,Small
ORD-00840,2024-11-20,2024-11-23,CUST-00840,Customer 840,Corporate,P1015,ErgoMesh Chair,Home Decor,Plants,South,Florida,Atlanta,Mia Rodriguez,3,69.72,0.033,202.26,89.27,104.59,0.5171,8.4,Debit Card,Medium,2024,11,Nov,Wednesday,3,Profitable,Medium,Small
ORD-00842,2025-08-28,2025-09-02,CUST-00842,Customer 842,Consumer,P1020,FlexNote Notebook,Office Supplies,Chairs,South,Georgia,Miami,James Carter,3,72.15,0.008,214.72,103.8,102.52,0.4775,8.4,Cash on Delivery,Medium,2025,8,Aug,Thursday,5,Profitable,Low,Small
ORD-00852,2025-01-25,2025-01-29,CUST-00852,Customer 852,Home Office,P1020,CloudDrive File Box,Office Supplies,Bags,South,Florida,Miami,Olivia Martin,3,70.81,0.042,203.51,95.72,99.39,0.4884,8.4,PayPal,High,2025,1,Jan,Saturday,4,Profitable,Medium,Small
ORD-00855,2023-04-22,2023-04-28,CUST-00855,Customer 855,Home Office,P1011,Echo Web Camera,Outdoor,Lighting,South,Texas,Miami,Liam Chen,2,84.26,0.059,158.58,82.86,68.12,0.4296,7.6,Credit Card,Critical,2023,4,Apr,Saturday,6,Profitable,High,Small
ORD-00856,2023-05-02,2023-05-05,CUST-00856,Customer 856,Home Office,P1009,FlexNote Notebook,Technology,Peripherals,South,Florida,Atlanta,Olivia Martin,5,85.89,0.017,422.15,207.84,204.31,0.484,10,Bank Transfer,High,2023,5,May,Tuesday,3,Profitable,Low,Small
ORD-00860,2023-03-28,2023-03-30,CUST-00860,Customer 860,Consumer,P1010,FlexNote Notebook,Office Supplies,Furniture,South,Georgia,Houston,Ethan Brooks,4,54.07,0.059,203.52,91.84,102.48,0.5035,9.2,Debit Card,High,2023,3,Mar,Tuesday,2,Profitable,High,Small
ORD-00865,2024-07-03,2024-07-10,CUST-00865,Customer 865,Corporate,P1005,Summit Patio Set,Home Decor,Lighting,South,North Carolina,Houston,Mia Rodriguez,2,12.84,0.03,24.91,17.78,-0.47,-0.0189,7.6,Debit Card,Medium,2024,7,Jul,Wednesday,7,Unprofitable,Medium,Small
ORD-00875,2023-08-15,2023-08-17,CUST-00875,Customer 875,Consumer,P1019,FlexNote Notebook,Furniture,Binders,South,Florida,Houston,Olivia Martin,2,59.44,0.049,113.05,51.42,54.03,0.4779,7.6,Credit Card,High,2023,8,Aug,Tuesday,2,Profitable,Medium,Small
ORD-00878,2025-04-13,2025-04-20,CUST-00878,Customer 878,Consumer,P1004,Northstar Lantern,Outdoor,Paper,South,Georgia,Dallas,Liam Chen,1,601.13,0.014,592.71,379.69,206.22,0.3479,6.8,Credit Card,Medium,2025,4,Apr,Sunday,7,Profitable,Low,Medium
ORD-00879,2023-08-17,2023-08-19,CUST-00879,Customer 879,Corporate,P1013,Nova Laptop Stand,Outdoor,Plants,South,Texas,Atlanta,Olivia Martin,3,167.31,0.02,491.89,282.88,200.61,0.4078,8.4,Debit Card,Medium,2023,8,Aug,Thursday,2,Profitable,Medium,Small
ORD-00882,2025-03-22,2025-03-27,CUST-00882,Customer 882,Corporate,P1009,Trail Tote,Outdoor,Video,South,Georgia,Atlanta,Ava Patel,5,83.78,0.03,406.33,198.4,197.93,0.4871,10,Bank Transfer,Low,2025,3,Mar,Saturday,5,Profitable,Medium,Small
ORD-00883,2023-09-19,2023-09-20,CUST-00883,Customer 883,Consumer,P1015,Aero Standing Desk,Outdoor,Peripherals,South,Texas,Atlanta,Noah Kim,3,66.44,0.018,195.73,89.4,97.93,0.5003,8.4,PayPal,High,2023,9,Sep,Tuesday,1,Profitable,Low,Small
ORD-00885,2025-04-14,2025-04-16,CUST-00885,Customer 885,Consumer,P1017,Tide Cooler,Office Supplies,Writing,South,North Carolina,Dallas,Sophia Singh,4,512.13,0.008,2032.13,1348.38,674.55,0.3319,9.2,Cash on Delivery,Low,2025,4,Apr,Monday,2,Profitable,Low,Large
ORD-00893,2025-12-11,2025-12-13,CUST-00893,Customer 893,Consumer,P1015,Harbor Rug,Furniture,Binders,South,Georgia,Dallas,Liam Chen,2,72.56,0.002,144.83,68.75,68.48,0.4728,7.6,Credit Card,Low,2025,12,Dec,Thursday,2,Profitable,Low,Small
ORD-00895,2025-11-22,2025-11-23,CUST-00895,Customer 895,Consumer,P1006,Pulse Keyboard,Office Supplies,Lighting,South,North Carolina,Miami,Ethan Brooks,5,18.92,0.015,93.18,33.98,49.2,0.528,10,Credit Card,Medium,2025,11,Nov,Saturday,1,Profitable,Low,Small
ORD-00903,2023-08-12,2023-08-18,CUST-00903,Customer 903,Corporate,P1018,Atlas Throw Pillow,Outdoor,Decor,South,Texas,Dallas,James Carter,3,92.27,0.023,270.44,122.43,139.61,0.5162,8.4,Debit Card,Low,2023,8,Aug,Saturday,6,Profitable,Medium,Small
ORD-00905,2024-07-17,2024-07-23,CUST-00905,Customer 905,Corporate,P1009,Nova Laptop Stand,Technology,Furniture,South,North Carolina,Miami,Noah Kim,6,89.33,0.036,516.68,247.05,258.83,0.5009,10.8,Credit Card,Medium,2024,7,Jul,Wednesday,6,Profitable,Medium,Medium
ORD-00916,2024-01-09,2024-01-15,CUST-00916,Customer 916,Consumer,P1020,Harbor Rug,Outdoor,Flooring,South,Florida,Dallas,James Carter,3,72.26,0.044,207.24,98.2,100.64,0.4856,8.4,Credit Card,High,2024,1,Jan,Tuesday,6,Profitable,Medium,Small
ORD-00918,2025-08-08,2025-08-11,CUST-00918,Customer 918,Corporate,P1008,ErgoMesh Chair,Office Supplies,Flooring,South,North Carolina,Miami,Noah Kim,2,34.15,0.019,67,32.45,26.95,0.4022,7.6,Debit Card,Medium,2025,8,Aug,Friday,3,Profitable,Low,Small
ORD-00922,2024-04-14,2024-04-17,CUST-00922,Customer 922,Consumer,P1009,Tide Cooler,Office Supplies,Paper,South,Florida,Atlanta,Olivia Martin,4,87.98,0.012,347.7,169.01,169.49,0.4875,9.2,PayPal,Low,2024,4,Apr,Sunday,3,Profitable,Low,Small
ORD-00927,2023-03-28,2023-04-02,CUST-00927,Customer 927,Corporate,P1013,CloudDrive File Box,Office Supplies,Peripherals,South,Georgia,Dallas,Sophia Singh,1,154.1,0.042,147.63,90.6,50.23,0.3402,6.8,PayPal,High,2023,3,Mar,Tuesday,5,Profitable,Medium,Small
ORD-00928,2024-12-18,2024-12-24,CUST-00928,Customer 928,Consumer,P1012,Harbor Rug,Home Decor,Lighting,South,Texas,Dallas,Ethan Brooks,2,133.78,0.005,266.22,135.35,123.27,0.463,7.6,Debit Card,Low,2024,12,Dec,Wednesday,6,Profitable,Low,Small
ORD-00930,2023-03-19,2023-03-23,CUST-00930,Customer 930,Consumer,P1015,Tide Cooler,Home Decor,Lighting,South,Georgia,Atlanta,Noah Kim,5,66.44,0.029,322.57,147.34,165.23,0.5122,10,Debit Card,Medium,2023,3,Mar,Sunday,4,Profitable,Medium,Small
ORD-00932,2025-08-22,2025-08-23,CUST-00932,Customer 932,Consumer,P1007,ErgoMesh Chair,Technology,Textiles,South,Texas,Atlanta,Sophia Singh,1,23.56,0.072,21.86,14.29,0.77,0.0352,6.8,Debit Card,Critical,2025,8,Aug,Friday,1,Profitable,High,Small
ORD-00933,2025-02-06,2025-02-12,CUST-00933,Customer 933,Home Office,P1013,Echo Web Camera,Office Supplies,Chairs,South,Florida,Dallas,Mia Rodriguez,2,159.19,0.01,315.2,181.46,126.14,0.4002,7.6,Cash on Delivery,Medium,2025,2,Feb,Thursday,6,Profitable,Low,Small
ORD-00942,2024-04-02,2024-04-03,CUST-00942,Customer 942,Consumer,P1003,Harbor Rug,Home Decor,Plants,South,North Carolina,Miami,Sophia Singh,6,146.78,0.011,870.99,451.77,408.42,0.4689,10.8,Debit Card,Low,2024,4,Apr,Tuesday,1,Profitable,Low,Medium
ORD-00947,2023-08-07,2023-08-11,CUST-00947,Customer 947,Corporate,P1016,Cove Wall Clock,Furniture,Lighting,South,North Carolina,Atlanta,Liam Chen,2,40.31,0.029,78.28,37.18,33.5,0.428,7.6,Cash on Delivery,Low,2023,8,Aug,Monday,4,Profitable,Medium,Small
ORD-00951,2024-09-10,2024-09-12,CUST-00951,Customer 951,Corporate,P1020,Lumen Desk Lamp,Outdoor,Writing,South,Florida,Atlanta,James Carter,4,68.62,0.04,263.5,122.66,131.64,0.4996,9.2,Bank Transfer,Medium,2024,9,Sep,Tuesday,2,Profitable,Medium,Small
ORD-00955,2024-12-14,2024-12-16,CUST-00955,Customer 955,Consumer,P1005,Nimbus Monitor Arm,Furniture,Flooring,South,Georgia,Dallas,Olivia Martin,3,13.37,0.009,39.75,18.3,13.05,0.3283,8.4,Credit Card,Medium,2024,12,Dec,Saturday,2,Profitable,Low,Small
ORD-00958,2023-06-23,2023-06-26,CUST-00958,Customer 958,Corporate,P1007,Aero Standing Desk,Furniture,Writing,South,Georgia,Dallas,Sophia Singh,3,25.28,0.017,74.55,32.8,33.35,0.4474,8.4,Credit Card,Medium,2023,6,Jun,Friday,3,Profitable,Low,Small
ORD-00960,2025-05-01,2025-05-07,CUST-00960,Customer 960,Corporate,P1010,CloudDrive File Box,Technology,Peripherals,South,North Carolina,Atlanta,Sophia Singh,2,51.34,0.018,100.83,50.11,43.12,0.4277,7.6,Cash on Delivery,Medium,2025,5,May,Thursday,6,Profitable,Low,Small
ORD-00963,2023-05-22,2023-05-28,CUST-00963,Customer 963,Consumer,P1010,Lumen Desk Lamp,Home Decor,Storage,South,Georgia,Dallas,Liam Chen,2,53.9,0.052,102.19,51.87,42.72,0.418,7.6,Credit Card,High,2023,5,May,Monday,6,Profitable,High,Small
ORD-00971,2025-04-01,2025-04-06,CUST-00971,Customer 971,Home Office,P1012,Lumen Desk Lamp,Furniture,Bags,South,Georgia,Miami,Mia Rodriguez,1,127.81,0.019,125.38,66.11,52.47,0.4185,6.8,Credit Card,Medium,2025,4,Apr,Tuesday,5,Profitable,Low,Small
ORD-00973,2025-07-15,2025-07-21,CUST-00973,Customer 973,Home Office,P1010,Halo Planter,Outdoor,Decor,South,Florida,Dallas,Sophia Singh,6,57.77,0.006,344.54,152.37,181.37,0.5264,10.8,Credit Card,Medium,2025,7,Jul,Tuesday,6,Profitable,Low,Small
ORD-00976,2023-10-01,2023-10-04,CUST-00976,Customer 976,Consumer,P1001,Atlas Throw Pillow,Home Decor,Chairs,South,Georgia,Dallas,Ava Patel,4,296.53,0.014,1169.51,685.11,475.2,0.4063,9.2,Credit Card,High,2023,10,Oct,Sunday,3,Profitable,Low,Medium
ORD-00978,2023-09-12,2023-09-17,CUST-00978,Customer 978,Home Office,P1005,Echo Web Camera,Outdoor,Accessories,South,Florida,Houston,Liam Chen,4,12.72,0.003,50.73,26.48,15.05,0.2967,9.2,Bank Transfer,Low,2023,9,Sep,Tuesday,5,Profitable,Low,Small
ORD-00982,2025-04-23,2025-04-28,CUST-00982,Customer 982,Corporate,P1002,Harbor Rug,Technology,Plants,South,Texas,Miami,Sophia Singh,4,76.01,0.065,284.28,131.58,143.5,0.5048,9.2,Credit Card,High,2025,4,Apr,Wednesday,5,Profitable,High,Small
ORD-00983,2023-12-07,2023-12-14,CUST-00983,Customer 983,Consumer,P1005,Orbit Wireless Mouse,Furniture,Storage,South,Georgia,Miami,Noah Kim,2,13.79,0.019,27.06,16.24,3.22,0.119,7.6,Credit Card,Medium,2023,12,Dec,Thursday,7,Profitable,Low,Small
ORD-00985,2025-10-13,2025-10-16,CUST-00985,Customer 985,Consumer,P1020,Harbor Rug,Office Supplies,Accessories,South,North Carolina,Dallas,Olivia Martin,3,75.6,0.02,222.26,106.14,107.72,0.4847,8.4,Bank Transfer,Medium,2025,10,Oct,Monday,3,Profitable,Medium,Small
ORD-01003,2025-05-14,2025-05-16,CUST-01003,Customer 1003,Consumer,P1009,Atlas Throw Pillow,Outdoor,Chairs,South,Florida,Dallas,Mia Rodriguez,3,87.41,0.029,254.63,127.14,119.09,0.4677,8.4,Credit Card,Medium,2025,5,May,Wednesday,2,Profitable,Medium,Small
ORD-01017,2023-12-19,2023-12-24,CUST-01017,Customer 1017,Home Office,P1014,Halo Planter,Office Supplies,Desks,South,Texas,Atlanta,Sophia Singh,2,42.63,0.008,84.58,38.9,38.08,0.4502,7.6,Bank Transfer,Low,2023,12,Dec,Tuesday,5,Profitable,Low,Small
ORD-01018,2024-12-09,2024-12-15,CUST-01018,Customer 1018,Consumer,P1015,SmartInk Pen Set,Home Decor,Paper,South,Florida,Houston,Olivia Martin,4,72,0.026,280.51,128.32,142.99,0.5098,9.2,Credit Card,High,2024,12,Dec,Monday,6,Profitable,Medium,Small
ORD-01019,2025-07-28,2025-08-02,CUST-01019,Customer 1019,Consumer,P1016,Pulse Keyboard,Home Decor,Coolers,South,Georgia,Miami,Mia Rodriguez,2,37.71,0.022,73.76,31.93,34.23,0.4641,7.6,Bank Transfer,Critical,2025,7,Jul,Monday,5,Profitable,Medium,Small
ORD-01023,2025-03-18,2025-03-23,CUST-01023,Customer 1023,Corporate,P1017,Nova Laptop Stand,Office Supplies,Bags,South,Texas,Atlanta,Mia Rodriguez,4,543.86,0.08299999999999999,1994.88,1321.79,663.89,0.3328,9.2,Debit Card,Critical,2025,3,Mar,Tuesday,5,Profitable,High,Large
ORD-01029,2024-09-10,2024-09-16,CUST-01029,Customer 1029,Corporate,P1016,Lumen Desk Lamp,Furniture,Binders,South,Texas,Houston,Liam Chen,3,38.06,0.03,110.75,46.99,55.36,0.4999,8.4,Bank Transfer,Medium,2024,9,Sep,Tuesday,6,Profitable,Medium,Small
ORD-01038,2025-12-24,2025-12-26,CUST-01038,Customer 1038,Home Office,P1019,Aero Standing Desk,Office Supplies,Chairs,South,Florida,Miami,James Carter,1,57.53,0.021,56.32,32.49,17.03,0.3024,6.8,Credit Card,Critical,2025,12,Dec,Wednesday,2,Profitable,Medium,Small
ORD-01043,2024-11-12,2024-11-19,CUST-01043,Customer 1043,Consumer,P1015,Summit Patio Set,Furniture,Textiles,South,Florida,Miami,Mia Rodriguez,2,68.02,0.007,135.09,64.16,63.33,0.4688,7.6,Debit Card,Medium,2024,11,Nov,Tuesday,7,Profitable,Low,Small
ORD-01048,2023-06-25,2023-06-28,CUST-01048,Customer 1048,Consumer,P1005,ProClip Binder,Outdoor,Storage,South,North Carolina,Atlanta,Ava Patel,1,12.89,0.027,12.54,9.7,-3.96,-0.3158,6.8,Credit Card,Medium,2023,6,Jun,Sunday,3,Unprofitable,Medium,Small
ORD-01066,2025-08-19,2025-08-21,CUST-01066,Customer 1066,Consumer,P1008,FlexNote Notebook,Furniture,Desks,South,Florida,Houston,James Carter,2,35.21,0.003,70.21,37.93,24.68,0.3515,7.6,Credit Card,Medium,2025,8,Aug,Tuesday,2,Profitable,Low,Small
ORD-01073,2023-05-08,2023-05-09,CUST-01073,Customer 1073,Consumer,P1011,Tide Cooler,Technology,Storage,South,Georgia,Atlanta,James Carter,3,88.78,0.016,262.08,125.77,127.91,0.4881,8.4,Credit Card,Medium,2023,5,May,Monday,1,Profitable,Low,Small
ORD-01076,2024-02-13,2024-02-15,CUST-01076,Customer 1076,Consumer,P1020,Pulse Keyboard,Furniture,Chairs,South,Georgia,Atlanta,Liam Chen,5,71.47,0.029,346.99,166.77,170.22,0.4906,10,PayPal,Medium,2024,2,Feb,Tuesday,2,Profitable,Medium,Small
ORD-01087,2024-11-09,2024-11-16,CUST-01087,Customer 1087,Home Office,P1017,Lumen Desk Lamp,Furniture,Writing,South,Georgia,Atlanta,Ava Patel,3,572.63,0.004,1711.02,1137.52,565.1,0.3303,8.4,Credit Card,Medium,2024,11,Nov,Saturday,7,Profitable,Low,Large
ORD-01093,2024-06-27,2024-07-02,CUST-01093,Customer 1093,Consumer,P1014,ProClip Binder,Home Decor,Writing,South,Texas,Miami,James Carter,2,42.1,0.012,83.19,42.33,33.26,0.3998,7.6,Credit Card,Medium,2024,6,Jun,Thursday,5,Profitable,Low,Small
ORD-01095,2023-10-07,2023-10-13,CUST-01095,Customer 1095,Corporate,P1018,Nimbus Monitor Arm,Furniture,Lighting,South,Georgia,Dallas,Olivia Martin,5,92.08,0.028,447.51,202.51,235,0.5251,10,Debit Card,Medium,2023,10,Oct,Saturday,6,Profitable,Medium,Small
ORD-01102,2025-10-04,2025-10-08,CUST-01102,Customer 1102,Corporate,P1013,Trail Tote,Furniture,Lighting,South,Georgia,Houston,Sophia Singh,1,175.46,0.019,172.13,107.41,57.92,0.3365,6.8,Credit Card,Medium,2025,10,Oct,Saturday,4,Profitable,Low,Small
ORD-01113,2023-12-26,2023-12-27,CUST-01113,Customer 1113,Consumer,P1010,Echo Web Camera,Office Supplies,Flooring,South,Texas,Atlanta,Ava Patel,3,58.98,0.05,168.09,77.93,81.76,0.4864,8.4,Credit Card,High,2023,12,Dec,Tuesday,1,Profitable,High,Small
ORD-01130,2023-10-28,2023-11-02,CUST-01130,Customer 1130,Home Office,P1008,FlexNote Notebook,Outdoor,Accessories,South,Florida,Dallas,Noah Kim,2,37.67,0.041,72.25,35.12,29.53,0.4087,7.6,Credit Card,Critical,2023,10,Oct,Saturday,5,Profitable,Medium,Small
ORD-01131,2025-09-04,2025-09-07,CUST-01131,Customer 1131,Home Office,P1006,Trail Tote,Outdoor,Writing,South,Texas,Houston,Noah Kim,2,18.07,0.02,35.42,19.6,8.22,0.2321,7.6,Credit Card,Medium,2025,9,Sep,Thursday,3,Profitable,Medium,Small
ORD-01138,2024-07-23,2024-07-27,CUST-01138,Customer 1138,Home Office,P1011,Trail Tote,Furniture,Accessories,South,Florida,Atlanta,Olivia Martin,4,84.69,0.025,330.29,159.28,161.81,0.4899,9.2,Credit Card,Critical,2024,7,Jul,Tuesday,4,Profitable,Medium,Small
ORD-01140,2024-08-16,2024-08-19,CUST-01140,Customer 1140,Corporate,P1015,Harbor Rug,Home Decor,Coolers,South,Texas,Miami,Mia Rodriguez,2,64.96,0.065,121.48,57.18,56.7,0.4667,7.6,PayPal,High,2024,8,Aug,Friday,3,Profitable,High,Small
ORD-01144,2024-05-18,2024-05-22,CUST-01144,Customer 1144,Consumer,P1008,Nova Laptop Stand,Furniture,Accessories,South,North Carolina,Houston,Noah Kim,3,33.72,0.028,98.33,47.5,42.43,0.4315,8.4,Bank Transfer,Medium,2024,5,May,Saturday,4,Profitable,Medium,Small
ORD-01147,2025-06-19,2025-06-21,CUST-01147,Customer 1147,Home Office,P1004,Lumen Desk Lamp,Outdoor,Flooring,South,North Carolina,Atlanta,James Carter,1,631.39,0.06,593.51,384.26,202.45,0.3411,6.8,Debit Card,Critical,2025,6,Jun,Thursday,2,Profitable,High,Medium
ORD-01152,2025-06-19,2025-06-24,CUST-01152,Customer 1152,Corporate,P1007,Tide Cooler,Office Supplies,Accessories,South,North Carolina,Dallas,James Carter,6,23.75,0.031,138.08,53.79,73.49,0.5322,10.8,Bank Transfer,High,2025,6,Jun,Thursday,5,Profitable,Medium,Small
ORD-01156,2025-07-03,2025-07-04,CUST-01156,Customer 1156,Corporate,P1006,Cove Wall Clock,Outdoor,Decor,South,Georgia,Dallas,Ethan Brooks,4,18.01,0.067,67.21,27.41,30.6,0.4553,9.2,Cash on Delivery,High,2025,7,Jul,Thursday,1,Profitable,High,Small
ORD-01163,2024-01-11,2024-01-18,CUST-01163,Customer 1163,Consumer,P1003,FlexNote Notebook,Technology,Plants,South,Florida,Dallas,Liam Chen,4,148.12,0.028,575.89,299.18,267.51,0.4645,9.2,Credit Card,Critical,2024,1,Jan,Thursday,7,Profitable,Medium,Medium
ORD-01164,2025-07-18,2025-07-25,CUST-01164,Customer 1164,Consumer,P1011,Echo Web Camera,Home Decor,Accessories,South,Georgia,Houston,James Carter,3,90.72,0.055,257.19,126.12,122.67,0.477,8.4,Cash on Delivery,High,2025,7,Jul,Friday,7,Profitable,High,Small
ORD-01183,2024-03-20,2024-03-26,CUST-01183,Customer 1183,Home Office,P1019,SmartInk Pen Set,Office Supplies,Peripherals,South,North Carolina,Dallas,Ava Patel,2,52.87,0.022,103.41,51.96,43.85,0.424,7.6,Bank Transfer,High,2024,3,Mar,Wednesday,6,Profitable,Medium,Small
ORD-01187,2025-05-17,2025-05-20,CUST-01187,Customer 1187,Home Office,P1011,Nova Laptop Stand,Office Supplies,Accessories,South,Georgia,Dallas,Sophia Singh,5,84.83,0.023,414.39,197.11,207.28,0.5002,10,Credit Card,Medium,2025,5,May,Saturday,3,Profitable,Medium,Small
ORD-01199,2025-07-09,2025-07-12,CUST-01199,Customer 1199,Corporate,P1009,Echo Web Camera,Technology,Flooring,South,Georgia,Atlanta,Liam Chen,2,89.16,0.014,175.82,94.12,74.1,0.4215,7.6,Credit Card,Low,2025,7,Jul,Wednesday,3,Profitable,Low,Small
ORD-01204,2024-04-08,2024-04-10,CUST-01204,Customer 1204,Corporate,P1017,Tide Cooler,Furniture,Desks,South,Florida,Miami,Ethan Brooks,1,553.29,0.015,544.99,364.57,173.62,0.3186,6.8,Debit Card,Low,2024,4,Apr,Monday,2,Profitable,Low,Medium
ORD-01208,2024-07-10,2024-07-11,CUST-01208,Customer 1208,Home Office,P1016,CloudDrive File Box,Home Decor,Chairs,South,Florida,Atlanta,Sophia Singh,5,39.53,0.017,194.29,81.52,102.77,0.529,10,Bank Transfer,Medium,2024,7,Jul,Wednesday,1,Profitable,Low,Small
ORD-01216,2023-11-06,2023-11-12,CUST-01216,Customer 1216,Corporate,P1016,SmartInk Pen Set,Office Supplies,Decor,South,Texas,Miami,Liam Chen,4,41.95,0.016,165.12,69.61,86.31,0.5227,9.2,Cash on Delivery,Low,2023,11,Nov,Monday,6,Profitable,Low,Small
ORD-01221,2025-05-27,2025-06-02,CUST-01221,Customer 1221,Corporate,P1008,Orbit Wireless Mouse,Furniture,Plants,South,Georgia,Houston,Sophia Singh,4,35.72,0.01,141.45,60.84,71.41,0.5048,9.2,Debit Card,Medium,2025,5,May,Tuesday,6,Profitable,Low,Small
ORD-01224,2025-06-24,2025-06-26,CUST-01224,Customer 1224,Corporate,P1020,Aero Standing Desk,Furniture,Video,South,Texas,Dallas,James Carter,2,72.08,0.06899999999999999,134.21,65.75,60.86,0.4535,7.6,Credit Card,Critical,2025,6,Jun,Tuesday,2,Profitable,High,Small
ORD-01225,2024-11-09,2024-11-12,CUST-01225,Customer 1225,Corporate,P1015,CloudDrive File Box,Technology,Lighting,South,Florida,Dallas,Olivia Martin,2,72.27,0.031,140.06,70.64,61.82,0.4414,7.6,Credit Card,Medium,2024,11,Nov,Saturday,3,Profitable,Medium,Small
ORD-01227,2024-06-03,2024-06-05,CUST-01227,Customer 1227,Corporate,P1012,Echo Web Camera,Outdoor,Decor,South,Texas,Dallas,Liam Chen,2,134.02,0.032,259.46,135,116.86,0.4504,7.6,Credit Card,Critical,2024,6,Jun,Monday,2,Profitable,Medium,Small
ORD-01228,2023-04-06,2023-04-13,CUST-01228,Customer 1228,Corporate,P1009,Orbit Wireless Mouse,Outdoor,Peripherals,South,Florida,Houston,Ethan Brooks,2,88.28,0.038,169.85,84.37,77.88,0.4585,7.6,PayPal,High,2023,4,Apr,Thursday,7,Profitable,Medium,Small
ORD-01230,2024-05-17,2024-05-22,CUST-01230,Customer 1230,Corporate,P1019,Echo Web Camera,Technology,Desks,South,Florida,Houston,Mia Rodriguez,2,55.48,0.016,109.18,54.33,47.25,0.4328,7.6,Credit Card,Medium,2024,5,May,Friday,5,Profitable,Low,Small
ORD-01232,2023-10-02,2023-10-06,CUST-01232,Customer 1232,Consumer,P1011,Aero Standing Desk,Furniture,Accessories,South,Texas,Dallas,James Carter,3,94.28,0.026,275.49,137.32,129.77,0.4711,8.4,Cash on Delivery,Medium,2023,10,Oct,Monday,4,Profitable,Medium,Small
ORD-01240,2023-08-16,2023-08-21,CUST-01240,Customer 1240,Consumer,P1009,Aero Standing Desk,Office Supplies,Paper,South,Georgia,Atlanta,Liam Chen,4,90.57,0.004,360.83,177.92,173.71,0.4814,9.2,Credit Card,Low,2023,8,Aug,Wednesday,5,Profitable,Low,Small
ORD-01248,2023-02-21,2023-02-25,CUST-01248,Customer 1248,Home Office,P1016,Harbor Rug,Technology,Lighting,South,Georgia,Houston,Ava Patel,3,38.85,0.019,114.34,52.38,53.56,0.4684,8.4,PayPal,Medium,2023,2,Feb,Tuesday,4,Profitable,Low,Small
ORD-01250,2024-02-19,2024-02-23,CUST-01250,Customer 1250,Home Office,P1008,Aero Standing Desk,Furniture,Storage,South,North Carolina,Dallas,Noah Kim,1,33.18,0.068,30.92,22.65,1.47,0.0475,6.8,Debit Card,Critical,2024,2,Feb,Monday,4,Profitable,High,Small
ORD-01252,2024-04-24,2024-04-26,CUST-01252,Customer 1252,Home Office,P1014,Summit Patio Set,Office Supplies,Paper,South,Texas,Dallas,Sophia Singh,4,42.21,0.028,164.11,68.09,86.82,0.529,9.2,PayPal,Medium,2024,4,Apr,Wednesday,2,Profitable,Medium,Small
ORD-01265,2023-03-11,2023-03-14,CUST-01265,Customer 1265,Corporate,P1018,Cove Wall Clock,Outdoor,Video,South,Texas,Miami,Ethan Brooks,3,88.16,0.02,259.19,120.71,130.08,0.5019,8.4,Bank Transfer,Medium,2023,3,Mar,Saturday,3,Profitable,Medium,Small
ORD-01275,2024-12-04,2024-12-11,CUST-01275,Customer 1275,Consumer,P1017,Summit Patio Set,Technology,Decor,South,Georgia,Atlanta,Liam Chen,3,571.93,0.001,1714.07,1136.61,569.06,0.332,8.4,Credit Card,Low,2024,12,Dec,Wednesday,7,Profitable,Low,Large
ORD-01281,2024-03-02,2024-03-05,CUST-01281,Customer 1281,Home Office,P1020,Northstar Lantern,Outdoor,Desks,South,Texas,Atlanta,Olivia Martin,3,70.46,0.012,208.84,101.76,98.68,0.4725,8.4,PayPal,Low,2024,3,Mar,Saturday,3,Profitable,Low,Small
ORD-01284,2023-09-10,2023-09-16,CUST-01284,Customer 1284,Consumer,P1018,Trail Tote,Furniture,Storage,South,Georgia,Atlanta,Olivia Martin,4,88.3,0.018,346.84,158.79,178.85,0.5157,9.2,PayPal,Medium,2023,9,Sep,Sunday,6,Profitable,Low,Small
ORD-01285,2024-08-02,2024-08-06,CUST-01285,Customer 1285,Corporate,P1007,Atlas Throw Pillow,Office Supplies,Desks,South,Florida,Dallas,James Carter,4,25.28,0.026,98.49,39.54,49.75,0.5051,9.2,Credit Card,High,2024,8,Aug,Friday,4,Profitable,Medium,Small
ORD-01309,2024-01-27,2024-02-02,CUST-01309,Customer 1309,Consumer,P1005,FlexNote Notebook,Technology,Paper,South,North Carolina,Dallas,Liam Chen,4,11.73,0.004,46.73,22.58,14.95,0.3199,9.2,PayPal,Low,2024,1,Jan,Saturday,6,Profitable,Low,Small
ORD-01314,2025-05-05,2025-05-06,CUST-01314,Customer 1314,Consumer,P1007,Cove Wall Clock,Furniture,Decor,South,North Carolina,Miami,Ethan Brooks,4,24.35,0.019,95.55,40.09,46.26,0.4841,9.2,Cash on Delivery,Medium,2025,5,May,Monday,1,Profitable,Low,Small
ORD-01317,2024-08-18,2024-08-25,CUST-01317,Customer 1317,Consumer,P1007,Harbor Rug,Office Supplies,Desks,South,Texas,Miami,Sophia Singh,4,25.05,0.007,99.5,39.24,51.06,0.5132,9.2,Credit Card,Medium,2024,8,Aug,Sunday,7,Profitable,Low,Small
ORD-01320,2023-05-14,2023-05-15,CUST-01320,Customer 1320,Home Office,P1007,Trail Tote,Office Supplies,Writing,South,Georgia,Dallas,Sophia Singh,2,22.4,0.023,43.77,19.11,17.06,0.3898,7.6,Debit Card,High,2023,5,May,Sunday,1,Profitable,Medium,Small
ORD-01342,2024-11-03,2024-11-05,CUST-01342,Customer 1342,Corporate,P1011,Aero Standing Desk,Technology,Peripherals,South,Texas,Dallas,Mia Rodriguez,2,89.98,0.019,176.54,87,81.94,0.4641,7.6,Credit Card,Medium,2024,11,Nov,Sunday,2,Profitable,Low,Small
ORD-01343,2025-04-19,2025-04-24,CUST-01343,Customer 1343,Consumer,P1008,Nimbus Monitor Arm,Outdoor,Binders,South,Texas,Atlanta,Mia Rodriguez,1,34.24,0.026,33.35,21.83,4.72,0.1415,6.8,Credit Card,Medium,2025,4,Apr,Saturday,5,Profitable,Medium,Small
ORD-01344,2025-11-14,2025-11-15,CUST-01344,Customer 1344,Consumer,P1017,Summit Patio Set,Furniture,Writing,South,Texas,Dallas,Liam Chen,6,580.35,0.038,3349.78,2215.41,1123.57,0.3354,10.8,Debit Card,High,2025,11,Nov,Friday,1,Profitable,Medium,Large
ORD-01345,2025-01-09,2025-01-10,CUST-01345,Customer 1345,Corporate,P1004,Summit Patio Set,Outdoor,Accessories,South,North Carolina,Miami,Liam Chen,4,606.46,0.04,2328.81,1477.41,842.2,0.3616,9.2,Credit Card,Medium,2025,1,Jan,Thursday,1,Profitable,Medium,Large
ORD-01348,2024-09-25,2024-09-27,CUST-01348,Customer 1348,Consumer,P1017,Harbor Rug,Technology,Lighting,South,Florida,Atlanta,Sophia Singh,3,519.03,0.008,1544.63,1025.1,511.13,0.3309,8.4,PayPal,Low,2024,9,Sep,Wednesday,2,Profitable,Low,Large
ORD-01350,2023-01-04,2023-01-10,CUST-01350,Customer 1350,Corporate,P1009,ErgoMesh Chair,Outdoor,Binders,South,Texas,Atlanta,Noah Kim,4,88.12,0.018,346.14,169.88,167.06,0.4826,9.2,Credit Card,Medium,2023,1,Jan,Wednesday,6,Profitable,Low,Small
ORD-01358,2024-02-24,2024-03-01,CUST-01358,Customer 1358,Consumer,P1016,SmartInk Pen Set,Outdoor,Accessories,South,Texas,Houston,James Carter,4,38.05,0.001,152.05,61.66,81.19,0.534,9.2,Bank Transfer,Low,2024,2,Feb,Saturday,6,Profitable,Low,Small
ORD-01359,2023-08-17,2023-08-19,CUST-01359,Customer 1359,Corporate,P1007,CloudDrive File Box,Office Supplies,Peripherals,South,Texas,Dallas,Noah Kim,1,25.31,0.023,24.73,16.08,1.85,0.0748,6.8,Debit Card,Medium,2023,8,Aug,Thursday,2,Profitable,Medium,Small
ORD-01377,2024-02-01,2024-02-03,CUST-01377,Customer 1377,Corporate,P1004,Aero Standing Desk,Office Supplies,Bags,South,Texas,Miami,James Carter,2,574.48,0.029,1115.64,710.42,397.62,0.3564,7.6,Credit Card,Low,2024,2,Feb,Thursday,2,Profitable,Medium,Medium
ORD-01378,2024-05-25,2024-05-28,CUST-01378,Customer 1378,Consumer,P1015,Nova Laptop Stand,Technology,Plants,South,North Carolina,Atlanta,Ava Patel,3,67.89,0.015,200.61,95.62,96.59,0.4815,8.4,Cash on Delivery,Low,2024,5,May,Saturday,3,Profitable,Low,Small
ORD-01379,2024-06-24,2024-06-27,CUST-01379,Customer 1379,Corporate,P1020,Lumen Desk Lamp,Office Supplies,Furniture,South,Florida,Miami,Olivia Martin,1,72.26,0.035,69.73,40.86,22.07,0.3165,6.8,Credit Card,High,2024,6,Jun,Monday,3,Profitable,Medium,Small
ORD-01381,2023-08-09,2023-08-13,CUST-01381,Customer 1381,Consumer,P1020,Tide Cooler,Furniture,Flooring,South,North Carolina,Atlanta,Noah Kim,2,74.63,0.006,148.36,73.04,67.72,0.4565,7.6,PayPal,Low,2023,8,Aug,Wednesday,4,Profitable,Low,Small
ORD-01384,2023-05-04,2023-05-06,CUST-01384,Customer 1384,Home Office,P1002,Halo Planter,Home Decor,Plants,South,Georgia,Dallas,Ava Patel,5,79.32,0.019,389.06,178.12,200.94,0.5165,10,Bank Transfer,Medium,2023,5,May,Thursday,2,Profitable,Low,Small
ORD-01388,2023-10-14,2023-10-19,CUST-01388,Customer 1388,Consumer,P1020,FlexNote Notebook,Outdoor,Flooring,South,Texas,Atlanta,Ethan Brooks,5,77.66,0.011,384.03,179.59,194.44,0.5063,10,PayPal,Medium,2023,10,Oct,Saturday,5,Profitable,Low,Small
ORD-01396,2025-03-25,2025-03-27,CUST-01396,Customer 1396,Home Office,P1013,Nimbus Monitor Arm,Home Decor,Accessories,South,Texas,Dallas,James Carter,3,163.44,0.035,473.16,272.63,192.13,0.4061,8.4,Debit Card,Critical,2025,3,Mar,Tuesday,2,Profitable,Medium,Small
ORD-01401,2023-06-07,2023-06-11,CUST-01401,Customer 1401,Consumer,P1013,Orbit Wireless Mouse,Office Supplies,Textiles,South,Georgia,Miami,Noah Kim,4,161.01,0.015,634.38,364.89,260.29,0.4103,9.2,Credit Card,Medium,2023,6,Jun,Wednesday,4,Profitable,Low,Medium
ORD-01403,2023-11-24,2023-11-27,CUST-01403,Customer 1403,Consumer,P1019,Cove Wall Clock,Outdoor,Bags,South,Georgia,Miami,Sophia Singh,3,61.34,0.054,174.08,74.2,91.48,0.5255,8.4,PayPal,High,2023,11,Nov,Friday,3,Profitable,High,Small
ORD-01404,2025-10-16,2025-10-22,CUST-01404,Customer 1404,Consumer,P1019,Cove Wall Clock,Technology,Textiles,South,North Carolina,Miami,Ava Patel,1,62.01,0.017,60.96,29.89,24.27,0.3981,6.8,Debit Card,High,2025,10,Oct,Thursday,6,Profitable,Low,Small
ORD-01405,2025-09-26,2025-09-29,CUST-01405,Customer 1405,Corporate,P1017,Harbor Rug,Technology,Writing,South,Texas,Atlanta,Mia Rodriguez,3,518.28,0.063,1456.89,971.65,476.84,0.3273,8.4,PayPal,High,2025,9,Sep,Friday,3,Profitable,High,Medium
ORD-01422,2024-01-05,2024-01-11,CUST-01422,Customer 1422,Consumer,P1019,Northstar Lantern,Outdoor,Writing,South,Florida,Dallas,Olivia Martin,5,54.37,0.024,265.33,113.01,142.32,0.5364,10,Debit Card,High,2024,1,Jan,Friday,6,Profitable,Medium,Small
ORD-01427,2023-08-22,2023-08-29,CUST-01427,Customer 1427,Corporate,P1004,Orbit Wireless Mouse,Outdoor,Accessories,South,North Carolina,Miami,Mia Rodriguez,1,600.02,0.036,578.42,373.11,198.51,0.3432,6.8,Credit Card,High,2023,8,Aug,Tuesday,7,Profitable,Medium,Medium
ORD-01432,2024-04-12,2024-04-18,CUST-01432,Customer 1432,Corporate,P1017,Halo Planter,Office Supplies,Desks,South,North Carolina,Dallas,James Carter,4,560.42,0.011,2217.02,1472.14,735.68,0.3318,9.2,Cash on Delivery,Medium,2024,4,Apr,Friday,6,Profitable,Low,Large
ORD-01433,2024-03-12,2024-03-17,CUST-01433,Customer 1433,Consumer,P1017,CloudDrive File Box,Outdoor,Storage,South,North Carolina,Dallas,Liam Chen,3,523.8,0.025,1532.11,1015.25,508.46,0.3319,8.4,Debit Card,Medium,2024,3,Mar,Tuesday,5,Profitable,Medium,Large
ORD-01436,2023-09-22,2023-09-24,CUST-01436,Customer 1436,Consumer,P1006,Cove Wall Clock,Home Decor,Textiles,South,Florida,Houston,Noah Kim,2,18.3,0.053,34.66,17.41,9.65,0.2784,7.6,Credit Card,High,2023,9,Sep,Friday,2,Profitable,High,Small
ORD-01441,2025-07-18,2025-07-20,CUST-01441,Customer 1441,Home Office,P1004,Halo Planter,Technology,Decor,South,North Carolina,Miami,James Carter,4,593.46,0.012,2345.35,1488.64,847.51,0.3614,9.2,Bank Transfer,Low,2025,7,Jul,Friday,2,Profitable,Low,Large
ORD-01453,2025-01-01,2025-01-02,CUST-01453,Customer 1453,Corporate,P1015,FlexNote Notebook,Furniture,Accessories,South,North Carolina,Dallas,Mia Rodriguez,2,67.14,0.048,127.83,63.39,56.84,0.4447,7.6,Bank Transfer,High,2025,1,Jan,Wednesday,1,Profitable,Medium,Small
ORD-01458,2025-11-14,2025-11-16,CUST-01458,Customer 1458,Consumer,P1004,ErgoMesh Chair,Outdoor,Peripherals,South,North Carolina,Houston,Ethan Brooks,2,622.07,0.057,1173.22,746.54,419.08,0.3572,7.6,Credit Card,High,2025,11,Nov,Friday,2,Profitable,High,Medium
ORD-01459,2023-09-25,2023-10-01,CUST-01459,Customer 1459,Home Office,P1007,CloudDrive File Box,Home Decor,Accessories,South,Texas,Houston,Liam Chen,2,23.47,0.047,44.73,19.95,17.18,0.3841,7.6,Bank Transfer,High,2023,9,Sep,Monday,6,Profitable,Medium,Small
ORD-01468,2024-10-27,2024-10-29,CUST-01468,Customer 1468,Home Office,P1012,Cove Wall Clock,Home Decor,Writing,South,Georgia,Miami,Ava Patel,2,133.68,0.032,258.8,135.98,115.22,0.4452,7.6,Debit Card,High,2024,10,Oct,Sunday,2,Profitable,Medium,Small
ORD-01475,2024-06-06,2024-06-12,CUST-01475,Customer 1475,Consumer,P1009,Harbor Rug,Home Decor,Decor,South,North Carolina,Atlanta,James Carter,2,92.25,0.004,183.76,97.75,78.41,0.4267,7.6,Credit Card,Low,2024,6,Jun,Thursday,6,Profitable,Low,Small
ORD-01477,2025-05-04,2025-05-11,CUST-01477,Customer 1477,Consumer,P1007,Cove Wall Clock,Technology,Plants,South,Georgia,Dallas,Sophia Singh,5,22.68,0.001,113.29,41.48,61.81,0.5456,10,Bank Transfer,Low,2025,5,May,Sunday,7,Profitable,Low,Small
ORD-01478,2025-10-13,2025-10-16,CUST-01478,Customer 1478,Consumer,P1011,Summit Patio Set,Furniture,Desks,South,Texas,Atlanta,Ethan Brooks,1,89.25,0.059,83.98,48.96,28.22,0.336,6.8,Credit Card,High,2025,10,Oct,Monday,3,Profitable,High,Small
ORD-01486,2024-10-05,2024-10-10,CUST-01486,Customer 1486,Consumer,P1019,ErgoMesh Chair,Home Decor,Writing,South,Georgia,Dallas,Liam Chen,4,58.38,0.013,230.48,96.82,124.46,0.54,9.2,Cash on Delivery,Medium,2024,10,Oct,Saturday,5,Profitable,Low,Small
ORD-01494,2023-07-27,2023-07-28,CUST-01494,Customer 1494,Consumer,P1006,Pulse Keyboard,Technology,Binders,South,North Carolina,Dallas,Ethan Brooks,1,17.51,0.036,16.88,11.83,-1.75,-0.1037,6.8,Debit Card,Critical,2023,7,Jul,Thursday,1,Unprofitable,Medium,Small
ORD-01497,2024-03-14,2024-03-18,CUST-01497,Customer 1497,Consumer,P1015,Atlas Throw Pillow,Technology,Flooring,South,Texas,Miami,Noah Kim,5,63.25,0.024,308.66,137.48,161.18,0.5222,10,Bank Transfer,Medium,2024,3,Mar,Thursday,4,Profitable,Medium,Small
ORD-01498,2024-12-21,2024-12-27,CUST-01498,Customer 1498,Corporate,P1005,SmartInk Pen Set,Home Decor,Paper,South,Georgia,Atlanta,Olivia Martin,2,13.78,0.027,26.82,15.25,3.97,0.148,7.6,Cash on Delivery,Medium,2024,12,Dec,Saturday,6,Profitable,Medium,Small
ORD-01501,2024-12-24,2024-12-28,CUST-01501,Customer 1501,Consumer,P1003,CloudDrive File Box,Furniture,Lighting,South,Texas,Miami,Sophia Singh,1,160.75,0.039,154.48,90.69,56.99,0.3689,6.8,Bank Transfer,High,2024,12,Dec,Tuesday,4,Profitable,Medium,Small
ORD-01516,2023-02-02,2023-02-07,CUST-01516,Customer 1516,Home Office,P1001,Harbor Rug,Outdoor,Furniture,South,North Carolina,Dallas,Noah Kim,1,277.52,0.016,273.08,164.86,101.42,0.3714,6.8,PayPal,Medium,2023,2,Feb,Thursday,5,Profitable,Low,Small
ORD-01527,2023-08-13,2023-08-20,CUST-01527,Customer 1527,Consumer,P1016,Trail Tote,Home Decor,Furniture,South,North Carolina,Houston,Sophia Singh,3,36.88,0.017,108.76,50.37,49.99,0.4596,8.4,Credit Card,Low,2023,8,Aug,Sunday,7,Profitable,Low,Small
ORD-01531,2024-05-10,2024-05-11,CUST-01531,Customer 1531,Corporate,P1007,Halo Planter,Home Decor,Writing,South,North Carolina,Houston,Mia Rodriguez,3,24.2,0.056,68.53,31.34,28.79,0.4201,8.4,Bank Transfer,High,2024,5,May,Friday,1,Profitable,High,Small
ORD-01537,2023-02-16,2023-02-20,CUST-01537,Customer 1537,Corporate,P1008,FlexNote Notebook,Furniture,Lighting,South,Georgia,Houston,Mia Rodriguez,6,33.6,0.056,190.31,81.64,97.87,0.5143,10.8,Bank Transfer,High,2023,2,Feb,Thursday,4,Profitable,High,Small
